"","ID","birth_year","latino_dum","race","race_text","sex","sex_orient","LI1_pointless","LI2_parentssaidso","LI3_forcedbyparents","LI4_forcedbyteachers","LI5_noschool","LI6_promisedgifts","LI7_avoidscolding","PEI1_lookbetter","PEI2_getbettergrade","PEI3_lookhardworker","PEI4_performbetter","PEI5_notlookincompetent","PEI6_provesmart","PEI7_notfeelfailure","PGI1_notlearnwell_","PGI2_mistake","PGI3_notfinishhw","IdI1_valuelearning","IdI2_impforgoals","IdI3_impstudyconsistently","IdI4_toreachfoals","InI1_knowpurpose","InI2_understandmyself","InI3_defineinterests","InI4_overcomechallenges","InI5_getconfidence","InI6_findpurpose","InI7_tohelpothers","InI8_findworld","InI9_findcareers","InI10_getdesiretolearn","InI11_wannalearn","CHECK1","EAA1","EAA2","EAA3","EAA4","EAA5","EAA6","EAA7","EAA8","EAA9","EAA10","EAA11","EAA12","EAA13","CS1","CS2","CS3","CS4","CS5","CS6","CS7","CS8","CS9","CHECK2","PER1","PER2","PER3","PER4","PER5","MA1","MA2","MA3","MA4","MA5","MA6","MA7","MA8","MA9","CHECK3","SA1","SA2","SA3","SA4","SA5","SA6","SA7","SA8","SA9","SA10","TA1","TA2","TA3","TA4","TA5","TA6","TA7","TA8","TA9","TA10","choice","type_of_task","atitude_towards_math","good_at_math","joy_min","joy_max","joy_mean","joy_fre","anx_min","anx_max","anx_mean","anx_fre","joy_percentage","anxiety_percentage","N_h","N_m","N_l","N_wrong","AvgScore","TotalScore","state","atitude_towards_literacy","good_at_literacy","sumscore","RT","Time_self_relience","Time_help_seeking","Time_low_persis","vec_variables"
"1",4138,1998,"N_latino","Black",NA,"Male","straight","Vdisagree","disagree","Vdisagree","Vdisagree","soso","Vdisagree","soso",2,3,1,3,2,1,3,2,4,3,4,5,5,5,3,2,4,4,5,3,4,3,4,3,4,"pass","Vagree",2,1,3,3,5,2,3,2,2,2,2,2,4,2,3,4,5,3,2,4,"disagree","pass","agree",4,3,3,4,"lowA",3,1,3,2,1,1,2,1,"pass","verymuch",1,4,2,1,1,2,4,1,4,2,3,1,2,3,2,3,1,3,"sometimes","N_Choice",0,1,1,23,99,78,18,22,99,81,204,1.71,19.35,4,5,0,9,1.444444444,13,"on site",NA,NA,16,39.56,173,443,0,NA
"2",4534,1999,"N_latino","Black",NA,"Female","straight","Vdisagree","disagree","disagree","disagree","Vdisagree","Vdisagree","soso",1,3,1,2,1,1,4,2,2,5,5,5,4,5,5,5,5,5,4,4,5,5,5,4,3,"pass","agree",1,2,3,1,4,5,1,2,1,1,1,1,2,4,3,4,5,1,1,3,"Vdisagree","pass","Vagree",4,2,2,5,"lowA",5,2,5,4,1,3,5,1,"pass","verymuch",1,4,3,1,2,1,4,1,4,1,4,1,1,2,1,4,1,4,"sometimes","Y_Choice",0,1,1,31,99,85,48,90,99,95,25,3.16,1.65,3,4,9,16,0.625,10,"on site",NA,NA,9,46.68,58,407,456,NA
"3",4552,1997,"N_latino","Asian",NA,"Male","gay","disagree","agree","disagree","agree","disagree","Vdisagree","disagree",4,4,4,3,3,2,4,2,2,4,4,5,4,5,4,3,4,4,4,1,4,2,2,3,5,"pass","agree",1,1,4,2,5,1,2,1,2,2,2,2,4,2,1,4,4,1,1,4,"Vdisagree","pass","agree",3,2,3,4,"lowA",4,1,4,3,1,1,2,1,"fail","somewhat",2,1,2,1,2,3,2,2,2,2,3,2,1,2,1,2,2,2,"sometimes","Y_Choice",0,1,1,0,0,0,0,24,99,78,78,0,19.31,3,2,3,8,1,8,"on site",3,3,17,33.36,130,190,181,NA
"4",4393,2000,"Y_latino","White",NA,"Female","straight","disagree","Vdisagree","Vdisagree","Vdisagree","soso","disagree","Vdisagree",1,3,3,2,1,1,5,3,4,5,5,5,5,5,5,5,4,5,4,4,4,4,5,4,5,"pass","Vagree",2,1,5,2,4,3,5,1,2,4,2,4,4,5,3,3,5,4,1,4,"disagree","pass","agree",5,4,5,5,"lowA",2,2,3,3,1,2,2,3,"pass","moderately",3,2,3,1,2,3,2,2,3,2,4,2,2,3,1,4,2,4,"never","N_Choice",0,1,1,31,98,86,7,90,99,95,30,5.11,21.9,0,3,9,12,0.25,3,"on site",3,3,13,42.4,0,210,461,NA
"5",4483,2000,"N_latino","White",NA,"Female","straight","Vdisagree","agree","disagree","disagree","disagree","disagree","soso",4,4,4,4,4,4,4,4,4,5,4,4,4,4,4,4,4,5,5,4,4,4,4,4,5,"pass","Vagree",1,2,4,2,5,3,3,2,2,2,2,2,4,4,4,2,4,4,5,4,"Vagree","pass","agree",4,4,4,4,"lowA",3,1,2,2,1,1,2,1,"pass","somewhat",1,2,2,1,2,1,3,2,3,2,2,3,2,2,2,3,2,2,"sometimes","Y_Choice",0,1,1,95,99,98,33,23,100,68,192,6.09,35.42,2,3,7,12,0.583333333,7,"on site",3,3,13,52,83,368,109,NA
"6",3982,2000,"N_latino","White",NA,"Female","straight","Vdisagree","disagree","Vdisagree","disagree","Vdisagree","Vdisagree","Vdisagree",2,5,2,2,3,3,4,4,2,5,5,5,5,5,5,5,4,5,5,4,5,4,4,4,4,"pass","Vagree",1,1,5,2,5,2,3,1,1,1,1,2,5,2,2,4,5,2,1,5,"Vdisagree","pass","agree",4,5,4,5,"lowA",2,1,2,2,1,1,1,1,"pass","verymuch",1,4,3,1,1,1,4,3,4,2,3,2,2,3,2,3,1,4,"never","N_Choice",0,1,1,86,99,94,5,23,99,65,62,1.88,23.31,0,2,5,7,0.285714286,2,"on site",3,3,18,47.56,0,158,396,NA
"7",3865,1999,"N_latino","White",NA,"Female","straight","Vdisagree","agree","Vdisagree","Vdisagree","Vdisagree","Vdisagree","Vagree",1,1,5,1,5,5,4,2,1,5,5,5,5,5,5,3,5,5,4,5,5,4,5,5,5,"pass","Vagree",1,1,5,4,5,1,5,2,4,4,1,1,3,4,5,1,5,5,1,4,"Vagree","pass","Vagree",5,4,5,5,"lowA",5,3,5,5,1,5,5,1,"pass","somewhat",3,2,4,1,1,1,1,3,2,3,3,4,2,4,1,4,2,3,"sometimes","Y_Choice",0,0,0,99,99,99,7,22,92,60,48,1.62,11.14,0,8,5,13,0.615384615,8,"on site",1,1,12,43,0,408,273,NA
"8",4630,2000,"N_latino","White",NA,"Female","straight","Vdisagree","agree","Vdisagree","Vdisagree","Vdisagree","agree","agree",1,5,4,5,5,5,5,5,4,5,5,5,5,5,4,5,5,5,5,5,5,4,5,4,5,"pass","Vagree",1,1,5,1,5,1,4,1,1,2,1,1,4,5,5,2,5,5,5,4,"agree","pass","Vagree",5,5,5,5,"lowA",3,1,2,5,1,2,2,1,"pass","somewhat",4,2,2,1,2,1,2,4,2,3,2,3,2,3,4,2,4,3,"often","Y_Choice",0,1,1,21,99,68,27,22,99,81,326,2,24.18,1,6,0,7,1.142857143,8,"on site",0,3,18,46.76,29,489,0,NA
"9",3961,2000,"N_latino","Black",NA,"Female","straight","disagree","soso","Vdisagree","Vdisagree","disagree","Vdisagree","disagree",1,1,1,1,4,2,2,3,2,4,5,4,4,5,4,4,5,4,4,4,5,4,4,4,5,"pass","agree",1,1,4,3,4,1,2,2,2,2,1,2,4,4,2,4,5,4,3,5,"agree","pass","agree",5,4,2,5,"someA",2,1,2,2,1,1,2,1,"pass","verymuch",1,4,1,1,1,1,4,1,4,2,3,2,1,2,2,3,2,4,"sometimes","Y_Choice",0,1,1,29,99,88,27,90,99,95,126,2.16,10.07,3,3,8,14,0.642857143,9,"on site",0,0,11,53.88,167,400,174,NA
"10",4183,1999,"N_latino","White",NA,"Female","straight","disagree","agree","disagree","disagree","Vdisagree","soso","agree",3,2,4,3,4,4,4,4,4,4,4,5,4,4,4,4,4,3,5,3,5,2,4,3,4,"pass","agree",2,2,4,2,5,2,4,3,2,2,2,1,4,4,4,4,4,2,2,4,"disagree","pass","agree",4,3,3,4,"lowA",2,1,2,2,1,1,1,2,"pass","verymuch",1,3,2,1,1,2,3,1,3,2,3,2,1,2,1,4,1,3,"sometimes","N_Choice",0,1,1,22,27,24,2,90,99,96,66,0.59,19.58,2,1,2,5,1,5,"on site",3,3,20,34.4,87,36,273,NA
"11",4654,2001,"N_latino","White",NA,"Female","straight","Vdisagree","Vdisagree","Vdisagree","Vdisagree","Vdisagree","Vdisagree","Vdisagree",4,5,5,4,4,2,2,4,4,4,5,5,5,5,5,5,5,4,5,5,5,5,5,1,5,"pass","Vagree",1,1,5,1,5,2,4,1,1,1,1,1,5,2,1,4,5,4,1,5,"agree","pass","Vagree",5,5,3,5,"lowA",2,1,1,5,1,2,3,1,"pass","verymuch",1,4,1,1,1,1,4,2,4,1,4,2,1,2,2,4,2,4,"never","Y_Choice",0,1,1,36,99,84,9,90,99,96,34,4.74,17.89,1,5,0,6,1.166666667,7,"on site",3,3,19,48.28,26,515,0,NA
"12",4315,2000,"N_latino","White",NA,"Female","straight","soso","soso","soso","disagree","soso","Vdisagree","soso",2,3,3,2,2,2,4,2,3,4,4,2,2,4,2,2,2,2,2,2,4,3,2,2,4,"pass","soso",2,2,3,3,4,3,2,2,2,3,2,2,5,3,3,3,5,3,3,3,"disagree","pass","soso",4,3,1,4,"someA",4,2,3,4,2,3,4,2,"pass","notatall",3,1,3,1,1,3,2,2,2,2,2,2,2,4,2,2,2,3,"often","N_Choice",0,1,1,34,99,90,23,21,99,66,38,17.16,28.36,0,7,4,11,0.636363636,7,"on site",3,3,14,41.52,0,444,230,NA
"13",4156,2000,"N_latino","White",NA,"Female","straight","Vdisagree","Vdisagree","Vdisagree","Vdisagree","Vdisagree","Vdisagree","disagree",3,2,4,4,4,4,4,4,4,5,4,5,3,5,4,4,4,4,4,4,4,4,4,4,4,"pass","Vagree",2,2,4,2,4,2,4,1,2,2,2,1,3,1,2,4,4,3,2,3,"Vdisagree","pass","agree",5,4,2,4,"lowA",4,1,1,2,1,3,1,1,"pass","verymuch",1,4,1,1,1,2,4,1,4,1,3,2,1,4,2,3,2,3,"often","N_Choice",0,1,1,24,99,74,8,69,99,93,113,0.84,11.93,0,13,3,16,0.8125,13,"on site",3,3,9,50.04,0,795,156,NA
"14",4717,2000,"N_latino","White",NA,"Female","straight","Vdisagree","Vdisagree","Vdisagree","disagree","Vdisagree","Vdisagree","Vdisagree",2,4,3,4,4,4,3,3,4,5,5,5,4,4,3,3,4,4,5,2,5,3,5,4,4,"pass","Vagree",1,2,4,3,4,2,5,1,2,2,2,2,5,4,1,4,5,1,2,5,"disagree","pass","agree",4,2,5,4,"someA",5,1,5,4,1,1,1,3,"pass","moderately",1,3,3,1,4,4,3,3,3,3,4,2,2,3,2,2,1,2,"often","N_Choice",0,0,1,0,0,0,0,22,98,57,28,0,5.61,1,2,11,14,0.285714286,4,"on site",3,3,11,30.48,25,63,339,NA
"15",4603,1999,"N_latino","White",NA,"Female","straight","Vdisagree","soso","disagree","disagree","disagree","Vdisagree","agree",4,4,5,5,4,2,4,2,4,5,5,5,2,4,4,4,4,4,4,2,3,2,5,3,2,"pass","Vagree",1,2,2,2,4,4,2,1,2,2,2,2,5,2,3,2,4,4,2,5,"agree","pass","Vagree",4,4,2,4,"lowA",3,1,3,4,1,1,4,2,"pass","somewhat",1,2,1,1,2,2,2,2,2,3,2,2,1,3,3,2,2,3,"sometimes","N_Choice",0,1,1,26,99,62,2,90,99,95,36,0.55,9.84,2,1,1,4,1.25,5,"on site",3,3,21,36.16,57,64,121,NA
"16",4405,2000,"N_latino","White",NA,"Female","straight","Vdisagree","disagree","Vdisagree","Vdisagree","disagree","disagree","Vdisagree",2,4,2,4,1,4,5,4,5,5,5,5,5,5,4,4,5,4,5,4,5,4,5,4,4,"pass","Vagree",3,1,5,3,5,2,4,2,2,2,1,2,4,4,2,1,5,3,1,5,"agree","pass","Vagree",5,4,4,5,"someA",5,2,5,3,2,2,3,4,"pass","somewhat",4,2,4,4,4,4,2,4,2,4,2,3,1,4,3,2,2,2,"often","N_Choice",0,1,1,21,99,92,103,22,99,76,86,16.17,13.5,3,5,1,9,1.222222222,11,"on site",3,3,16,52.8,209,292,100,NA
"17",4324,1999,"N_latino","White",NA,"Female","straight","Vdisagree","disagree","disagree","disagree","Vdisagree","Vdisagree","soso",3,3,3,2,2,4,5,4,2,5,4,5,5,5,3,5,5,5,4,5,5,4,5,4,5,"pass","Vagree",1,2,4,1,4,2,5,1,2,2,2,3,5,2,1,3,5,2,1,5,"Vdisagree","pass","Vagree",4,3,5,4,"lowA",2,1,2,2,1,1,2,1,"pass","moderately",2,2,2,1,1,3,2,1,3,1,2,1,2,1,3,3,3,3,"sometimes","N_Choice",1,1,1,0,0,0,0,52,98,68,11,0,26.19,6,3,0,9,1.666666667,15,"on site",3,3,16,24.28,150,168,0,NA
"18",4264,1999,"N_latino","Black",NA,"Female","straight","Vdisagree","disagree","disagree","Vdisagree","disagree","disagree","soso",1,2,1,2,4,1,5,5,4,5,4,5,4,5,5,5,5,5,5,3,5,5,5,4,4,"pass","Vagree",1,1,4,2,4,4,4,2,2,1,1,1,5,3,2,4,5,3,3,4,"soso","pass","Vagree",5,5,4,5,"lowA",5,1,5,3,1,1,5,2,"pass","somewhat",3,2,2,1,2,2,2,1,2,2,2,1,2,2,2,2,1,3,"sometimes","N_Choice",0,0,1,23,95,54,10,21,98,55,91,0.43,3.94,0,9,1,10,0.9,9,"on site",1,1,15,49.28,0,580,88,NA
"19",4681,1999,"N_latino","White",NA,"Female","straight","Vdisagree","disagree","Vagree","disagree","Vdisagree","Vdisagree","disagree",4,4,4,4,4,4,4,3,4,4,4,5,3,5,4,4,4,3,5,2,3,3,5,3,4,"pass","Vagree",1,2,2,2,4,4,3,2,1,2,2,3,5,3,3,4,4,3,2,5,"disagree","pass","agree",4,2,2,4,"lowA",2,1,2,2,1,1,1,1,"pass","moderately",2,3,2,1,1,1,2,2,3,1,3,2,1,1,2,4,1,3,"never","N_Choice",0,1,1,0,0,0,0,22,99,78,41,0,13.95,2,1,2,5,1,5,"on site",1,1,20,37.96,82,69,107,NA
"20",4525,2000,"N_latino","White",NA,"Female","straight","disagree","disagree","Vdisagree","Vdisagree","Vdisagree","disagree","Vdisagree",5,5,5,5,5,5,5,2,5,5,4,5,2,5,4,4,5,4,5,4,5,4,5,4,4,"pass","Vagree",1,1,1,2,4,4,4,2,1,2,2,1,5,5,5,4,4,5,5,5,"Vdisagree","pass","Vagree",5,4,2,4,"lowA",4,1,4,2,1,1,4,1,"pass","verymuch",4,3,4,2,2,1,2,1,3,4,3,2,2,3,2,3,3,1,"often","N_Choice",0,1,1,NA,NA,NA,NA,NA,NA,NA,NA,0,18.13,6,0,3,9,1.333333333,12,"on site",1,1,16,44.76,318,0,289,NA
"21",4477,1999,"N_latino","White",NA,"Female","straight","Vdisagree","agree","Vdisagree","Vdisagree","Vdisagree","Vdisagree","agree",2,4,4,5,4,3,5,5,4,5,5,5,5,5,5,5,5,4,5,5,5,5,5,4,5,"pass","Vagree",1,2,5,2,4,2,4,2,1,1,1,1,4,4,3,2,5,3,1,4,"agree","pass","Vagree",5,4,1,5,"lowA",4,1,3,4,1,3,4,2,"pass","moderately",1,4,2,1,1,1,3,1,4,3,3,1,1,3,4,4,1,3,"never","Y_Choice",0,0,0,33,99,90,75,22,99,78,58,23.89,18.46,5,4,0,9,1.555555556,14,"on site",1,1,16,28.44,176,289,0,NA
"22",4510,2001,"N_latino","White",NA,"Female","straight","Vdisagree","disagree","Vdisagree","disagree","disagree","disagree","disagree",4,4,4,4,4,4,5,4,4,5,5,5,5,5,5,4,4,4,5,4,5,4,4,5,5,"pass","Vagree",2,2,4,2,2,4,4,2,2,2,2,2,2,4,4,2,4,4,2,4,"disagree","pass","agree",4,4,3,4,"lowA",3,2,3,3,1,2,4,1,"pass","moderately",2,3,3,1,2,2,3,3,3,2,2,1,1,2,3,3,2,4,"sometimes","Y_Choice",1,1,1,25,99,81,27,90,99,95,61,6.4,14.45,3,2,0,5,1.6,8,"on site",0,0,20,40.8,199,195,0,NA
"23",4624,1998,"N_latino","White",NA,"Female","straight","Vdisagree","disagree","disagree","Vdisagree","Vdisagree","Vagree","soso",2,1,4,2,1,3,4,4,4,5,5,5,5,5,5,4,5,4,5,3,5,3,5,3,4,"pass","Vagree",1,1,2,1,5,4,3,3,1,2,2,2,4,3,3,4,5,3,4,4,"Vagree","pass","soso",3,4,3,3,"lowA",4,1,3,4,1,2,3,1,"pass","verymuch",2,4,1,1,2,1,3,2,3,2,3,2,2,2,2,4,1,3,"sometimes","Y_Choice",0,0,0,0,0,0,0,49,85,66,8,0,36.36,11,2,0,13,1.846153846,24,"on site",1,1,12,44.2,471,274,0,NA
"24",4750,1999,"N_latino","White",NA,"Female","straight","Vdisagree","Vagree","disagree","Vdisagree","Vdisagree","Vdisagree","Vagree",3,3,3,3,5,5,4,4,2,4,4,5,5,5,4,3,4,5,4,4,5,3,5,4,4,"pass","Vagree",1,4,4,1,5,3,3,2,2,1,1,2,5,3,3,2,5,3,3,4,"Vdisagree","pass","agree",4,5,2,4,"lowA",5,1,5,3,1,1,5,2,"pass","somewhat",1,2,1,1,2,1,2,1,3,2,2,1,2,4,2,2,2,2,"always","Y_Choice",1,0,0,23,99,88,13,77,99,90,3,25.49,5.88,7,0,8,15,0.933333333,14,"on site",1,1,10,30.4,193,0,352,NA
"25",4222,1999,"N_latino","White",NA,"Female","straight","Vdisagree","disagree","Vdisagree","Vdisagree","disagree","soso","agree",5,5,4,5,5,5,5,5,5,5,5,5,5,5,4,5,5,5,5,5,5,3,5,4,5,"pass","Vagree",1,1,3,2,5,4,4,2,1,1,1,1,4,2,4,4,5,5,4,5,"disagree","pass","Vagree",5,2,4,5,"lowA",3,1,3,3,1,1,5,1,"fail","somewhat",1,3,2,1,1,1,3,1,3,2,3,2,2,3,2,3,2,3,"sometimes","Y_Choice",1,1,1,22,99,78,22,22,99,73,75,3.72,12.67,5,6,1,12,1.333333333,16,"on site",0,2,13,52.48,288,522,55,NA
"26",4555,2000,"N_latino","White",NA,"Female","straight","Vdisagree","agree","Vdisagree","disagree","disagree","Vdisagree","agree",4,3,4,4,5,4,5,5,5,5,5,5,4,5,5,5,4,5,5,4,5,4,3,4,4,"pass","Vagree",1,2,4,4,4,1,4,2,1,2,1,1,5,5,3,2,4,3,2,5,"disagree","pass","agree",5,3,1,4,"someA",3,2,3,5,1,2,4,1,"pass","verymuch",1,3,1,1,1,1,4,1,4,1,3,2,2,3,2,3,1,3,"sometimes","Y_Choice",0,1,1,24,92,67,4,90,98,93,5,9.3,11.63,3,6,1,10,1.2,12,"on site",1,1,15,28.04,96,340,3,NA
"27",3634,2001,"N_latino","White",NA,"Female","straight","disagree","Vdisagree","Vdisagree","Vdisagree","Vdisagree","Vdisagree","disagree",2,5,2,5,4,2,4,2,2,2,4,5,5,5,4,4,4,2,4,4,4,2,5,2,4,"pass","soso",1,2,1,2,4,4,2,2,2,2,2,2,5,4,4,5,4,1,2,4,"disagree","pass","agree",4,2,2,4,"abitA",5,2,5,4,2,4,5,3,"fail","moderately",1,2,1,1,1,1,2,1,3,3,3,2,2,3,2,3,2,3,"often","N_Choice",0,0,0,25,99,76,4,36,99,73,36,1.4,12.59,2,2,2,6,1,6,"on site",1,1,19,42.4,85,161,141,NA
"28",4210,1999,"N_latino","White",NA,"Female","straight","agree","soso","Vdisagree","agree","disagree","soso","agree",2,3,2,3,4,2,3,3,4,4,4,5,4,5,4,5,4,3,4,5,5,3,5,3,4,"pass","agree",2,3,3,3,5,4,3,4,3,4,2,3,4,4,4,3,5,2,1,4,"Vdisagree","pass","Vagree",5,2,3,4,"lowA",4,1,4,3,2,4,5,1,"pass","somewhat",3,3,3,1,3,2,2,3,2,3,3,2,2,2,1,2,2,3,"always","N_Choice",0,0,0,77,99,95,26,58,99,88,93,2.14,7.66,2,9,0,11,1.181818182,13,"on site",1,2,14,42.72,64,638,0,NA
"29",4507,1999,"N_latino","White",NA,"Female","straight","disagree","disagree","disagree","disagree","disagree","Vdisagree","disagree",2,2,2,2,4,4,4,3,4,4,4,4,3,4,5,5,5,4,4,5,4,5,4,3,4,"pass","agree",2,2,3,2,2,2,4,2,2,2,2,2,4,2,4,4,4,2,1,4,"disagree","pass","soso",3,2,2,4,"lowA",3,1,3,2,2,4,5,1,"pass","somewhat",2,2,1,1,1,2,3,1,2,2,3,2,2,2,2,2,2,3,"never","N_Choice",0,0,0,23,23,23,1,21,99,65,70,0.33,23.41,4,1,0,5,1.8,9,"on site",1,1,20,44.56,153,165,0,NA
"30",4219,1999,"N_latino","White",NA,"Female","straight","Vdisagree","Vdisagree","disagree","disagree","Vdisagree","disagree","Vdisagree",2,2,2,4,3,2,3,2,2,2,5,5,5,5,5,5,5,4,5,5,5,3,5,5,5,"pass","Vagree",1,2,5,2,4,2,4,2,1,2,2,2,4,1,4,1,5,3,1,4,"disagree","pass","Vagree",5,5,5,5,"lowA",4,1,3,2,1,1,3,1,"pass","verymuch",2,2,1,1,2,1,2,1,4,2,3,2,2,2,2,3,2,4,"sometimes","Y_Choice",0,1,1,24,99,88,31,90,99,97,144,4.38,20.37,13,0,0,13,2,26,"on site",0,1,12,45.44,515,0,0,NA
"31",4309,1999,"N_latino","White",NA,"Female","straight","Vdisagree","disagree","Vdisagree","Vdisagree","Vdisagree","agree","disagree",3,5,3,4,5,4,4,4,4,5,4,4,4,4,4,4,5,5,5,3,4,4,5,5,4,"pass","agree",1,2,4,3,4,2,4,2,1,1,1,2,3,2,3,3,4,3,2,3,"soso","pass","agree",3,4,4,5,"lowA",4,1,4,2,1,1,3,2,"pass","moderately",1,3,3,1,2,2,3,3,3,2,3,1,1,2,2,3,2,3,"sometimes","Y_Choice",0,1,1,39,98,74,6,22,99,89,37,1.24,7.68,5,2,4,11,1.090909091,12,"on site",1,1,14,45,197,160,246,NA
"32",4816,1985,"N_latino","Black",NA,"Female","straight","Vdisagree","Vdisagree","Vdisagree","Vdisagree","Vdisagree","Vdisagree","agree",3,3,3,3,5,5,5,5,5,5,5,5,5,5,5,5,5,5,5,5,5,5,5,5,5,"pass","Vagree",3,2,5,2,4,4,5,2,2,2,2,1,4,4,3,3,5,4,4,4,"soso","pass","Vagree",5,5,2,5,"moderateA",4,2,5,4,3,2,5,1,"pass","somewhat",4,2,3,2,1,1,2,2,2,2,3,3,2,2,2,2,2,3,"often","Y_Choice",1,1,1,77,77,77,1,91,99,95,30,0.22,6.84,5,4,1,10,1.4,14,"on site",0,0,15,59,330,551,101,NA
"33",4513,2000,"N_latino","Black",NA,"Female","straight","Vdisagree","Vdisagree","disagree","disagree","Vdisagree","agree","agree",5,4,4,4,5,4,4,5,4,5,4,5,4,4,5,4,5,4,5,2,4,5,5,2,4,"pass","Vagree",2,1,2,4,4,5,2,2,2,2,2,2,4,4,4,4,2,4,2,5,"Vagree","pass","agree",4,5,2,4,"lowA",5,1,5,5,2,4,5,2,"pass","somewhat",2,2,2,1,1,1,3,1,2,3,2,3,2,4,2,2,2,3,"often","N_Choice",0,0,0,0,0,0,0,90,99,97,56,0,9.05,13,1,0,14,1.928571429,27,"on site",1,1,11,38.16,578,85,0,NA
"34",4048,2000,"N_latino","White",NA,"Female","straight","Vdisagree","Vdisagree","disagree","disagree","agree","Vdisagree","disagree",4,2,2,4,4,2,4,4,4,5,5,5,5,5,2,4,5,5,5,4,4,2,5,4,5,"pass","Vagree",1,1,4,2,4,4,4,1,1,1,1,2,5,1,2,2,5,4,2,5,"disagree","pass","Vagree",4,4,4,4,"lowA",4,1,5,1,2,1,5,1,"pass","moderately",2,2,2,1,2,1,3,1,3,2,3,1,2,3,2,3,2,3,"often","N_Choice",0,0,0,34,98,81,21,21,99,77,148,2.78,19.6,1,7,1,9,1,9,"on site",1,1,16,46.12,33,525,54,NA
"35",4789,1999,"N_latino","White",NA,"Female","straight","Vdisagree","disagree","disagree","disagree","Vdisagree","Vdisagree","disagree",2,5,2,5,2,3,4,2,2,3,4,5,5,5,5,4,5,4,5,5,5,5,4,4,5,"pass","Vagree",3,2,4,2,4,2,3,2,2,2,2,2,4,2,4,3,5,4,1,5,"Vdisagree","pass","Vagree",4,4,4,5,"lowA",3,1,4,2,1,2,5,1,"pass","verymuch",1,3,3,1,1,1,3,1,3,2,4,1,2,3,2,4,1,3,"sometimes","N_Choice",0,0,0,21,99,68,26,21,99,73,154,5.95,35.24,2,5,0,7,1.285714286,9,"on site",1,1,18,39.8,69,326,0,NA
"36",4447,2000,"N_latino","Black",NA,"Male","straight","disagree","Vdisagree","soso","Vdisagree","agree","Vdisagree","soso",3,4,3,3,2,1,4,3,4,2,3,5,4,4,5,3,4,4,4,4,4,3,3,3,4,"pass","agree",2,2,3,3,4,1,3,1,2,2,2,2,3,2,3,1,4,2,2,3,"Vdisagree","pass","agree",3,2,2,4,"someA",5,1,5,4,1,3,2,1,"pass","verymuch",1,3,3,1,1,1,4,1,4,1,4,1,1,2,1,4,3,4,"sometimes","Y_Choice",1,1,1,0,0,0,0,21,99,73,37,0,35.58,11,1,1,13,1.769230769,23,"on site",1,1,12,20.64,276,45,71,NA
"37",4202,1999,"Y_latino","White",NA,"Female","straight","Vdisagree","Vdisagree","soso","disagree","disagree","Vdisagree","Vagree",1,1,1,3,4,1,2,2,2,4,4,5,4,5,4,4,5,4,5,5,4,4,5,5,4,"pass","Vagree",1,1,1,1,5,4,2,1,1,2,1,2,4,4,3,2,5,3,2,5,"Vdisagree","pass","agree",4,1,2,4,"lowA",4,1,3,2,1,1,3,2,"pass","verymuch",3,4,1,1,2,2,2,1,3,2,3,1,2,2,2,3,2,3,"often","Y_Choice",0,1,1,0,0,0,0,25,99,85,112,0,18.18,3,4,2,9,1.111111111,10,"on site",NA,NA,16,47.24,257,183,192,NA
"38",4243,1997,"N_latino","White",NA,"Female","straight","Vdisagree","Vdisagree","Vdisagree","Vdisagree","Vdisagree","Vdisagree","Vdisagree",4,4,4,4,4,5,5,4,1,5,5,5,5,5,5,5,5,4,5,5,5,5,5,5,5,"pass","Vagree",1,2,4,2,4,1,4,1,1,1,1,1,5,2,2,4,5,4,2,4,"Vdisagree","pass","agree",4,2,4,4,"someA",3,1,3,4,2,2,4,2,"pass","moderately",1,3,1,1,2,2,3,2,3,2,4,1,2,2,2,3,3,4,"sometimes","N_Choice",0,0,0,22,99,82,120,90,99,95,65,9.07,4.91,3,2,1,6,1.333333333,8,"on site",3,3,19,67,198,143,123,NA
"39",4186,2000,"N_latino","White",NA,"Female","straight","Vdisagree","Vdisagree","Vdisagree","Vdisagree","Vdisagree","Vdisagree","Vdisagree",2,4,4,2,3,4,4,5,5,5,5,5,5,4,5,4,4,5,5,2,5,4,4,5,5,"pass","Vagree",1,1,4,1,4,1,5,1,2,1,2,2,5,1,4,3,4,1,1,5,"Vdisagree","pass","agree",4,5,2,5,"moderateA",5,4,5,4,5,3,4,5,"pass","somewhat",2,2,4,1,2,2,2,2,2,3,3,2,3,4,2,3,3,4,"often","N_Choice",0,0,0,22,98,75,38,90,99,95,39,8.64,8.86,2,4,6,12,0.666666667,8,"on site",1,1,13,51.72,85,347,489,NA
"40",4258,1999,"N_latino","White",NA,"Female","straight","Vdisagree","disagree","Vdisagree","Vdisagree","disagree","agree","disagree",4,4,2,5,5,2,4,5,5,2,5,5,5,4,4,5,4,4,4,4,5,3,4,4,4,"pass","Vagree",2,1,5,3,4,1,5,2,1,2,3,2,3,4,2,1,5,4,2,4,"Vagree","pass","Vagree",5,2,4,5,"someA",3,2,3,5,1,1,4,1,"pass","verymuch",1,4,2,1,1,2,3,1,3,2,3,2,2,4,2,4,2,3,"often","Y_Choice",0,1,1,0,0,0,0,24,99,64,61,0,48.8,3,10,1,14,1.142857143,16,"on site",0,0,11,45.44,90,703,92,NA
"41",4306,1999,"N_latino","White",NA,"Female","straight","Vdisagree","agree","disagree","soso","soso","disagree","disagree",3,4,3,5,3,3,2,3,3,3,4,5,3,4,4,4,4,4,5,4,5,4,5,4,4,"pass","Vagree",1,1,5,2,4,2,3,2,2,1,1,1,4,4,3,3,3,3,3,3,"soso","pass","agree",4,4,3,5,"someA",2,2,2,2,2,2,4,2,"pass","moderately",2,3,1,2,2,2,3,2,3,1,3,1,1,2,2,3,1,3,"never","Y_Choice",0,1,1,42,99,88,8,23,97,57,37,3.43,15.88,4,0,7,11,0.727272727,8,"on site",3,3,14,35.28,175,0,307,NA
"42",4576,2000,"N_latino","White",NA,"Female","straight","Vdisagree","agree","disagree","disagree","agree","agree","agree",2,4,4,2,2,2,4,2,4,5,5,5,5,5,5,5,5,5,5,4,5,4,5,4,5,"pass","Vagree",1,1,4,2,5,2,5,2,1,4,2,1,4,4,4,1,4,4,2,4,"agree","pass","Vagree",4,4,4,5,"lowA",3,1,4,2,1,1,2,1,"pass","moderately",1,3,2,1,2,2,3,1,3,2,3,2,2,2,2,3,1,3,"sometimes","Y_Choice",0,0,0,0,0,0,0,24,99,77,118,0,28.23,2,9,2,13,1,13,"on site",1,1,12,42.68,49,515,154,NA
"43",4813,1999,"N_latino","Black",NA,"Female","straight","disagree","Vagree","Vagree","Vdisagree","agree","Vdisagree","Vagree",5,5,2,5,5,2,5,5,4,4,4,5,4,5,3,2,4,5,4,1,3,1,4,3,4,"pass","Vagree",1,1,4,2,5,1,3,1,1,1,2,1,5,4,4,3,4,5,1,5,"Vdisagree","pass","Vagree",4,1,2,5,"someA",5,1,4,5,1,1,4,1,"pass","somewhat",1,3,1,1,1,4,4,2,4,1,2,1,1,4,3,2,2,4,"never","Y_Choice",0,0,0,21,99,74,167,28,99,82,22,37.11,4.89,7,2,2,11,1.454545455,16,"on site",2,2,14,32.72,243,163,18,NA
"44",4192,2000,"N_latino","White",NA,"Female","straight","Vdisagree","soso","Vdisagree","Vdisagree","Vdisagree","Vdisagree","agree",1,2,1,3,4,2,4,2,5,5,4,5,5,5,4,1,4,4,4,1,4,2,2,4,5,"pass","Vagree",1,2,5,2,4,2,4,2,2,4,1,4,5,5,5,2,2,5,5,4,"agree","pass","Vagree",4,1,2,5,"lowA",4,2,5,4,1,3,3,1,"pass","verymuch",1,2,1,1,1,1,4,1,3,1,2,2,1,3,3,3,1,2,"sometimes","Y_Choice",0,1,1,23,99,81,93,90,99,96,48,11.73,6.05,0,9,1,10,0.9,9,"on site",0,0,15,56.32,0,811,3,NA
"45",4546,1999,"N_latino","White",NA,"Male","straight","Vdisagree","Vdisagree","Vdisagree","agree","disagree","Vdisagree","Vagree",2,3,3,4,4,1,4,4,5,5,4,5,5,5,3,2,4,5,4,1,3,1,5,3,4,"pass","Vagree",1,2,4,2,5,3,4,1,1,1,5,1,5,4,2,2,5,2,5,5,"disagree","pass","Vagree",4,3,5,5,"lowA",5,2,5,3,2,1,5,1,"pass","verymuch",1,3,2,1,1,1,4,2,2,2,3,2,1,3,1,3,1,3,"sometimes","Y_Choice",1,0,0,88,88,88,1,90,99,96,33,0.65,21.29,14,0,0,14,2,28,"on site",0,0,11,23.24,363,0,0,NA
"46",4399,1999,"N_latino","White",NA,"Male","straight","Vdisagree","disagree","disagree","disagree","Vdisagree","Vdisagree","agree",2,2,2,2,4,4,4,4,4,5,3,5,5,5,4,4,4,4,5,2,5,2,5,2,4,"pass","Vagree",2,2,1,4,5,1,2,2,2,2,2,2,4,4,1,2,5,2,1,5,"Vdisagree","pass","agree",4,2,4,4,"someA",5,1,5,5,1,1,5,1,"pass","moderately",1,3,3,1,1,1,2,1,2,1,3,1,1,3,2,3,1,2,"never","N_Choice",0,0,1,47,99,89,22,22,99,87,176,1.52,12.18,5,2,2,9,1.333333333,12,"on site",0,2,16,69.16,328,424,232,NA
"47",4720,1999,"N_latino","White",NA,"Male","gay","Vdisagree","Vdisagree","Vdisagree","disagree","Vdisagree","Vdisagree","agree",2,4,2,4,4,4,5,5,4,5,5,4,4,5,4,4,4,2,4,3,4,4,5,3,3,"pass","Vagree",2,4,4,3,5,4,1,2,4,4,5,5,4,2,3,1,5,2,1,5,"disagree","pass","agree",4,2,5,4,"abitA",3,5,4,2,2,3,5,4,"pass","somewhat",4,2,4,2,3,3,2,3,2,2,1,4,4,3,2,2,3,2,"sometimes","N_Choice",0,0,1,22,99,85,95,21,99,61,243,4.63,11.83,1,4,5,10,0.6,6,"on site",1,1,15,62.48,72,265,570,NA
"48",5035,2001,"N_latino","White",NA,"Male","straight","soso","Vdisagree","Vdisagree","disagree","Vdisagree","Vdisagree","agree",2,3,2,4,4,2,3,4,3,4,5,4,2,5,4,3,4,4,3,3,5,3,3,2,5,"pass","agree",2,2,2,2,2,3,4,2,4,2,3,4,5,1,1,5,5,1,1,5,"Vdisagree","pass","Vagree",5,5,5,5,"lowA",4,2,5,3,1,2,4,2,"pass","moderately",1,3,1,1,3,1,3,1,4,2,4,2,1,2,2,4,2,4,"never","Y_Choice",1,0,2,91,91,91,1,23,97,57,27,0.46,12.44,10,1,0,11,1.909090909,21,"online",1,1,14,22.08,281,81,0,NA
"49",5038,1980,"N_latino","White",NA,"Female","straight","Vdisagree","Vdisagree","Vdisagree","Vdisagree","soso","Vdisagree","Vdisagree",3,4,3,4,3,2,4,4,4,3,4,1,5,5,2,3,3,4,4,3,3,3,2,3,3,"pass","Vagree",2,1,5,1,5,2,4,1,2,2,2,2,3,4,3,1,2,4,3,3,"disagree","pass","Vagree",5,5,4,5,"someA",4,1,4,3,1,1,5,3,"pass","moderately",3,3,1,1,1,1,2,1,3,1,4,2,1,2,1,3,1,4,"never","Y_Choice",0,1,1,21,99,82,31,21,99,64,203,4.35,28.47,2,6,0,8,1.25,10,"online",0,2,17,55.96,128,449,0,NA
"50",4918,2001,"N_latino","White",NA,"Female","straight","disagree","soso","disagree","agree","soso","Vdisagree","soso",3,4,3,4,3,5,2,4,4,5,4,5,5,5,5,4,4,4,3,4,4,4,4,3,4,"pass","agree",2,4,4,4,4,2,4,2,3,4,3,3,5,5,4,3,4,2,3,5,"disagree","pass","agree",4,2,4,4,"lowA",3,1,3,3,1,3,3,1,"pass","moderately",3,3,3,1,2,1,3,3,3,2,3,1,1,2,2,3,2,3,"often","N_Choice",0,1,1,87,99,91,4,21,99,88,107,0.9,23.99,8,3,3,14,1.357142857,19,"online",2,2,11,45.96,448,265,6,NA
"51",5020,2000,"N_latino","White",NA,"Female","straight","Vdisagree","Vdisagree","Vdisagree","disagree","Vdisagree","Vdisagree","Vdisagree",1,1,2,4,4,4,5,5,4,5,5,5,4,5,4,4,5,4,5,3,5,4,4,3,4,"pass","Vagree",2,1,2,5,5,4,3,4,4,5,4,4,3,5,5,2,4,5,3,3,"agree","pass","agree",4,4,4,4,"someA",5,3,4,5,1,4,5,3,"pass","moderately",2,2,1,1,3,3,2,2,2,2,3,2,1,3,2,2,1,3,"sometimes","N_Choice",1,1,1,0,0,0,0,29,92,61,8,0,5.13,12,0,4,16,1.5,24,"online",0,0,10,30.8846153846154,281,0,264,NA
"52",5053,2000,"N_latino","White",NA,"Female","straight","disagree","disagree","disagree","disagree","Vdisagree","Vdisagree","disagree",4,4,4,4,4,4,3,2,3,5,5,5,3,5,4,2,2,4,4,2,4,2,4,3,4,"pass","agree",2,1,2,2,5,3,3,2,2,3,2,2,4,4,4,4,5,3,2,5,"soso","pass","Vagree",4,3,1,4,"lowA",5,1,4,4,1,2,5,1,"pass","moderately",2,3,2,1,2,3,2,2,4,3,3,2,1,4,2,3,1,3,"often","N_Choice",0,1,1,21,99,88,624,23,99,91,214,48.37,16.59,0,10,0,10,1,10,"online",0,0,15,54.4,0,932,0,NA
"53",5125,2000,"N_latino","White",NA,"Female","straight","Vdisagree","disagree","disagree","disagree","soso","disagree","Vagree",4,3,4,5,4,4,3,5,4,4,4,5,4,5,4,4,4,5,4,4,4,4,5,4,4,"pass","Vagree",2,2,2,5,4,4,4,4,1,2,1,2,5,4,4,2,4,2,2,5,"disagree","pass","agree",2,3,2,4,"someA",4,1,5,4,2,3,5,2,"pass","moderately",2,2,4,2,2,2,2,3,2,2,2,2,2,3,3,2,2,3,"often","Y_Choice",1,0,0,0,0,0,0,22,98,67,47,0,27.49,9,0,0,9,2,18,"online",1,1,16,22.96,283,0,0,NA
"54",5047,2001,"N_latino","White",NA,"Female","straight","disagree","Vdisagree","Vdisagree","disagree","Vdisagree","disagree","agree",4,5,4,5,5,4,5,5,5,5,4,5,4,5,4,4,4,5,4,4,4,4,4,4,4,"pass","agree",4,2,4,2,4,5,4,2,2,2,2,2,4,3,4,2,5,5,4,4,"agree","pass","agree",4,4,1,4,"someA",5,1,5,5,1,2,5,2,"pass","somewhat",1,2,2,1,1,1,2,2,2,2,2,4,2,3,4,2,3,2,"sometimes","N_Choice",0,NA,NA,21,99,72,30,21,99,78,65,3.38,7.33,1,5,3,9,0.777777778,7,"online",NA,NA,16,50.08,19,342,313,NA
"55",5104,1997,"N_latino","White",NA,"Female","straight","Vdisagree","Vdisagree","Vdisagree","agree","Vdisagree","Vdisagree","Vdisagree",2,4,2,5,2,4,1,4,2,3,5,5,5,5,5,3,5,3,4,3,5,4,4,5,5,"pass","Vagree",1,1,5,1,4,1,4,1,1,1,1,1,5,2,1,5,5,1,1,5,"disagree","pass","Vagree",5,4,4,5,"lowA",1,1,1,1,1,1,1,1,"pass","verymuch",2,4,1,1,2,1,3,2,4,1,4,1,1,2,1,4,1,4,"sometimes","Y_Choice",0,1,1,96,99,98,31,21,99,70,114,5.13,18.87,2,2,0,4,1.5,6,"online",0,2,21,61.4,122,297,0,NA
"56",5092,2000,"N_latino","White",NA,"Female","straight","Vdisagree","disagree","Vdisagree","disagree","Vdisagree","soso","disagree",2,4,3,2,4,3,2,3,4,5,4,5,4,5,5,2,4,4,4,4,5,3,4,3,4,"pass","agree",2,2,4,2,4,4,2,2,1,1,3,2,5,3,3,5,4,2,1,4,"soso","pass","Vagree",4,2,3,4,"someA",3,2,3,1,1,1,3,1,"pass","verymuch",1,3,2,1,1,1,3,1,3,2,2,1,2,2,2,3,2,3,"often","Y_Choice",0,1,1,26,89,73,5,22,88,77,79,0.72,11.33,0,4,6,10,0.4,4,"online",0,0,15,44.52,0,218,398,NA
"57",4906,1991,"N_latino","Black",NA,"Female","straight","Vdisagree","Vdisagree","Vdisagree","disagree","Vdisagree","Vdisagree","Vdisagree",2,2,2,2,4,2,4,2,1,2,4,4,4,5,4,4,5,5,1,4,5,4,4,4,5,"pass","Vagree",1,2,4,2,4,1,5,2,2,2,2,2,4,2,2,4,4,2,2,5,"Vdisagree","pass","agree",4,4,2,5,"lowA",2,1,1,2,1,1,3,1,"pass","moderately",1,3,1,1,1,1,4,1,4,2,4,1,1,1,2,3,1,3,"sometimes","N_Choice",1,1,1,97,98,97,2,91,99,97,48,0.79,18.9,9,1,1,11,1.727272727,19,"online",2,2,14,32.12,364,49,8,NA
"58",5170,2001,"N_latino","White",NA,"Female","straight","disagree","disagree","agree","soso","agree","agree","soso",4,5,4,5,4,4,4,4,5,4,4,5,5,5,4,4,4,4,4,5,4,5,5,5,4,"pass","Vagree",1,1,3,2,5,4,4,1,2,2,2,2,3,4,4,3,4,5,1,4,"disagree","pass","agree",5,4,4,5,"lowA",5,1,4,4,1,1,5,1,"pass","verymuch",2,4,2,2,2,2,4,2,4,2,3,1,1,2,2,4,2,4,"never","N_Choice",0,0,2,0,0,0,0,91,99,95,26,0,17.45,10,1,0,11,1.909090909,21,"online",1,1,14,21.4,216,72,0,NA
"59",5131,2000,"N_latino","White",NA,"Female","straight","Vdisagree","disagree","disagree","disagree","agree","Vdisagree","Vagree",2,2,2,4,4,3,5,4,2,5,4,5,5,5,5,5,5,3,2,5,5,2,5,4,4,"pass","agree",2,4,4,4,5,3,2,2,4,4,4,4,5,5,3,3,4,3,2,5,"disagree","pass","Vagree",4,2,2,5,"lowA",3,1,2,2,1,1,2,1,"pass","moderately",1,4,1,1,2,1,3,2,2,1,3,1,2,2,2,3,2,3,"never","Y_Choice",1,0,0,37,99,81,4,29,99,75,38,2.02,19.19,1,2,2,5,0.8,4,"online",1,1,20,19.08,19,94,57,NA
"60",5059,2001,"N_latino","White",NA,"Female","straight","Vdisagree","Vdisagree","Vdisagree","soso","Vdisagree","Vdisagree","agree",4,5,5,4,4,4,4,5,5,5,4,5,4,5,4,5,5,5,5,5,5,5,5,4,4,"pass","Vagree",2,2,2,3,4,4,4,3,3,2,4,3,4,2,3,3,5,3,4,4,"soso","pass","agree",4,4,5,5,"moderateA",5,3,4,5,3,2,5,2,"pass","verymuch",1,3,1,1,2,4,4,3,4,2,3,1,1,3,2,4,1,4,"sometimes","Y_Choice",0,2,2,22,99,88,103,40,100,92,207,8.79,17.66,7,3,6,16,1.0625,17,"online",1,1,9,22.48,160,95,147,NA
"61",4699,2001,"N_latino","White",NA,"Female","straight","Vdisagree","disagree","disagree","agree","Vagree","disagree","soso",3,4,3,5,4,3,4,1,1,5,4,3,4,4,4,3,4,4,4,5,4,5,3,4,4,"pass","agree",3,2,4,4,4,4,5,4,3,5,4,4,3,5,4,4,2,4,4,5,"agree","pass","Vagree",5,3,4,5,"abitA",5,3,4,2,4,4,5,3,"pass","verymuch",1,3,2,2,1,1,3,2,2,2,2,3,1,4,1,4,3,2,"often","N_Choice",0,0,0,53,53,53,1,92,99,96,15,0.38,5.68,NA,NA,NA,NA,NA,NA,"online",0,0,NA,NA,NA,NA,NA,NA
"62",5182,2001,"Y_latino","White",NA,"Female","other","Vagree","disagree","Vdisagree","Vdisagree","disagree","Vdisagree","Vagree",1,5,4,5,4,5,5,4,4,5,5,5,5,5,5,4,5,5,5,5,5,5,4,5,5,"pass","Vagree",5,5,5,1,5,1,5,2,2,2,1,2,5,5,3,1,4,5,1,5,"Vdisagree","pass","Vagree",5,4,3,5,"lowA",2,1,3,3,1,1,3,1,"pass","verymuch",1,4,2,1,1,1,4,1,3,1,4,2,1,1,1,4,2,4,"never","N_Choice",1,1,1,0,0,0,0,21,85,51,21,0,16.16,5,4,0,9,1.555555556,14,"online",2,2,16,24.68,153,209,0,NA
"63",5089,2001,"N_latino","White",NA,"Female","straight","disagree","Vdisagree","disagree","disagree","disagree","Vdisagree","soso",2,4,3,3,4,3,2,3,3,4,5,5,4,5,4,5,5,5,5,4,5,3,4,5,5,"pass","agree",1,2,3,2,4,2,2,1,1,2,2,1,4,3,4,3,4,3,2,4,"soso","pass","Vagree",4,5,3,4,"lowA",3,1,4,3,1,2,5,2,"pass","moderately",2,3,2,2,2,3,3,2,3,2,4,1,1,2,1,4,1,3,"never","Y_Choice",0,1,1,22,99,81,44,21,99,85,136,7.94,24.55,7,0,0,7,2,14,"online",1,1,18,44.44,653,0,0,NA
"64",5143,1963,"N_latino","Black",NA,"Female","straight","Vdisagree","Vdisagree","Vdisagree","Vdisagree","Vdisagree","Vdisagree","Vdisagree",2,3,1,3,1,1,4,2,3,4,5,5,4,4,5,3,5,4,5,4,5,4,4,5,4,"pass","agree",1,2,5,1,4,3,4,2,1,3,2,2,4,2,2,3,5,1,1,5,"Vdisagree","pass","Vagree",4,4,2,5,"lowA",2,1,2,2,1,1,3,1,"pass","moderately",1,4,1,1,1,1,4,1,3,1,3,2,1,2,1,3,1,4,"sometimes","Y_Choice",1,1,1,77,77,77,1,21,99,65,72,0.15,10.67,2,3,6,11,0.636363636,7,"online",1,1,14,35.68,48,171,370,NA
"65",5008,2000,"N_latino","White",NA,"Female","straight","Vdisagree","disagree","Vdisagree","soso","Vdisagree","disagree","disagree",4,4,4,5,4,4,4,5,5,4,5,5,4,5,4,5,4,4,4,4,5,4,5,4,5,"pass","Vagree",1,2,4,4,4,2,3,2,2,2,2,2,4,4,4,3,4,4,4,2,"disagree","pass","agree",4,4,2,4,"lowA",5,1,4,2,1,1,5,2,"pass","moderately",3,2,3,3,4,1,3,4,3,3,2,4,2,4,3,2,3,2,"often","N_Choice",0,1,1,65,99,85,4,35,99,78,46,1.58,18.18,2,3,1,6,1.166666667,7,"online",0,0,19,52.16,151,297,7,NA
"66",4975,2001,"N_latino","White",NA,"Female","straight","Vdisagree","Vdisagree","Vdisagree","Vdisagree","Vdisagree","Vdisagree","Vdisagree",4,4,4,4,4,4,4,4,4,5,4,5,5,5,4,4,5,4,5,5,4,4,5,4,4,"pass","Vagree",1,1,4,2,5,2,5,2,2,2,2,2,4,4,4,2,4,5,4,4,"disagree","pass","Vagree",5,4,5,5,"someA",2,1,2,4,1,2,2,2,"pass","moderately",1,3,3,1,1,1,2,2,3,3,2,4,2,4,3,2,2,2,"often","N_Choice",0,1,1,36,96,62,13,26,99,75,37,4.21,11.97,9,7,0,16,1.5625,25,"online",0,0,9,38.4,285,455,0,NA
"67",5062,2001,"N_latino","White",NA,"Female","straight","soso","soso","soso","disagree","agree","disagree","agree",3,4,4,4,3,4,5,2,4,4,4,5,4,5,4,4,4,4,4,4,4,4,4,3,4,"pass","Vagree",2,1,3,4,4,4,4,2,2,2,2,2,4,4,4,3,4,2,3,4,"agree","pass","agree",4,2,4,4,"lowA",2,1,3,3,1,1,4,1,"pass","moderately",1,3,2,1,2,1,3,2,4,2,2,3,2,4,2,2,1,2,"sometimes","Y_Choice",1,2,1,0,0,0,0,29,99,77,19,0,11.52,9,0,0,9,2,18,"online",0,1,16,21.2,305,0,0,NA
"68",5224,2001,"N_latino","Black",NA,"Female","straight","disagree","soso","disagree","disagree","disagree","soso","agree",3,4,4,4,4,4,5,4,4,4,4,5,4,5,4,4,4,4,4,4,4,4,4,4,4,"pass","agree",2,3,4,3,4,4,3,4,3,3,3,2,4,3,3,3,4,2,2,3,"agree","pass","agree",4,3,4,4,"lowA",3,2,4,4,3,3,4,2,"pass","moderately",2,3,3,2,2,2,3,2,2,2,4,2,2,3,2,3,2,3,"sometimes","Y_Choice",1,1,1,22,22,22,1,21,94,53,48,1.26,60,12,0,0,12,2,24,"online",1,1,13,22.12,343,0,0,NA
"69",5098,1995,"Y_latino","White",NA,"Female","straight","Vdisagree","Vdisagree","Vdisagree","Vdisagree","Vdisagree","Vdisagree","Vdisagree",1,2,2,1,4,4,3,4,4,5,5,5,4,5,4,4,4,5,4,3,4,3,5,4,4,"pass","Vagree",2,1,4,2,4,2,3,2,1,1,1,1,3,1,3,2,5,3,1,4,"disagree","pass","Vagree",5,4,4,5,"lowA",2,1,2,4,1,1,3,1,"pass","verymuch",2,3,1,1,1,1,3,2,3,2,3,1,2,1,2,4,2,4,"sometimes","N_Choice",0,1,1,72,72,72,1,27,99,66,134,0.18,23.55,2,6,0,8,1.25,10,"online",1,1,17,68.92,213,776,0,NA
"70",4984,1995,"N_latino","White",NA,"Female","straight","disagree","Vdisagree","Vdisagree","Vdisagree","Vdisagree","Vdisagree","Vdisagree",3,4,3,4,4,5,4,3,3,4,5,5,5,5,5,4,4,5,5,5,5,4,5,5,5,"pass","Vagree",2,2,5,2,2,2,5,2,2,2,2,2,4,1,1,2,4,1,1,3,"Vdisagree","pass","agree",5,4,4,5,"lowA",2,1,2,1,1,2,3,1,"pass","moderately",1,2,3,1,1,1,2,2,3,2,2,2,2,3,2,3,2,4,"often","Y_Choice",0,1,1,99,99,99,1,21,99,72,47,0.27,12.88,3,4,0,7,1.428571429,10,"online",0,1,18,37.68,114,371,0,NA
"71",5134,2001,"N_latino","White",NA,"Female","straight","Vdisagree","Vdisagree","Vdisagree","Vdisagree","Vdisagree","Vdisagree","disagree",1,2,1,2,2,2,4,5,4,5,5,5,5,5,5,5,4,5,4,4,5,4,5,5,4,"pass","agree",1,2,4,2,4,2,4,1,1,2,2,2,4,4,4,2,5,4,4,5,"agree","pass","Vagree",5,5,4,5,"lowA",4,1,4,4,2,1,5,1,"pass","somewhat",2,1,1,2,2,1,2,2,2,2,2,2,2,2,2,2,2,3,"sometimes","Y_Choice",0,2,2,75,75,75,1,23,99,74,60,0.37,22.22,0,0,12,12,0,0,"online",0,0,13,31.88,0,0,407,NA
"72",5176,1994,"N_latino",NA,NA,"Female","straight","Vdisagree","Vdisagree","Vdisagree","Vdisagree","Vdisagree","Vdisagree","Vdisagree",4,5,4,5,5,4,5,4,2,5,5,5,5,5,5,5,5,5,5,2,5,1,5,5,5,"fail","Vagree",1,1,5,1,5,1,1,1,1,1,1,1,2,5,4,1,5,5,1,4,"Vagree","pass","Vagree",5,5,5,5,"lowA",2,1,5,5,1,2,3,1,"pass","verymuch",2,4,1,1,1,1,4,1,2,1,4,1,2,1,1,4,1,3,"never","N_Choice",1,1,1,97,99,98,4,83,99,98,352,0.7,61.65,4,7,1,12,1.25,15,"online",1,1,13,25.2,71,321,3,NA
"73",5128,1999,"N_latino","White",NA,"Female","straight","Vdisagree","agree","disagree","Vdisagree","Vdisagree","Vdisagree","agree",3,3,3,4,4,3,5,2,4,1,5,5,4,5,5,4,5,5,4,4,5,4,5,1,4,"pass","Vagree",2,2,3,4,5,4,3,2,1,2,2,2,5,3,4,2,4,4,4,5,"Vagree","pass","agree",4,4,4,3,"lowA",5,1,1,2,2,1,3,1,"pass","moderately",1,3,2,1,1,3,4,2,3,1,2,1,1,3,2,3,2,4,"never","N_Choice",1,1,1,34,99,75,24,90,99,96,33,11.43,15.71,6,2,3,11,1.272727273,14,"online",1,1,14,29.2,191,100,80,NA
"74",5242,1999,"N_latino","White",NA,"Male","gay","soso","soso","agree","soso","agree","disagree","agree",3,3,4,2,3,3,4,4,5,3,3,3,3,4,3,3,4,4,5,2,4,1,4,2,3,"fail","Vagree",2,3,4,2,5,3,4,4,2,3,4,3,3,4,4,3,3,4,3,4,"disagree","fail","agree",4,3,4,4,"someA",5,1,5,2,1,2,4,2,"fail","somewhat",2,1,2,1,3,1,3,3,2,2,2,3,2,1,3,3,1,3,"sometimes","N_Choice",1,1,1,0,0,0,0,29,99,77,78,0,39.2,7,0,7,14,1,14,"online",0,0,11,23.16,175,0,213,NA
"75",5200,1981,"N_latino","Black",NA,"Female","straight","disagree","soso","agree","disagree","soso","soso","soso",3,3,3,3,4,3,2,4,3,4,4,4,4,5,4,3,3,4,4,4,4,2,3,4,4,"fail","agree",2,2,3,2,5,2,3,3,2,2,2,2,4,4,3,3,4,3,3,4,"soso","pass","agree",4,2,2,4,"someA",1,1,3,3,1,1,2,1,"pass","moderately",2,3,1,2,2,2,3,1,3,2,3,1,1,1,2,4,1,3,"never","Y_Choice",0,0,2,84,86,82,3,21,99,73,428,0.16,23.29,3,9,0,12,1.25,15,"online",1,1,13,90.36,292,1437,0,NA
"76",5215,2000,"N_latino","White",NA,"Female","straight","Vdisagree","disagree","Vdisagree","Vdisagree","Vdisagree","disagree","soso",2,3,3,3,2,4,4,3,4,4,5,5,5,5,5,3,4,5,4,5,3,3,5,4,4,"pass","Vagree",1,2,4,3,5,1,4,1,1,2,1,4,3,3,2,2,4,4,3,1,"Vdisagree","pass","Vagree",5,5,4,5,"lowA",4,1,4,3,1,2,2,1,"pass","moderately",1,3,3,1,1,3,2,2,4,2,4,1,1,3,1,4,1,4,"never","Y_Choice",0,1,1,46,98,84,10,21,98,59,66,1,6.57,3,10,0,13,1.230769231,16,"online",0,0,12,53.4,218,646,0,NA
"77",5206,1986,"N_latino","White",NA,"Male","straight","disagree","agree","agree","agree","agree","Vdisagree","agree",2,3,2,3,2,2,2,4,2,3,4,5,4,4,4,3,3,4,5,4,4,4,4,4,5,"pass","Vagree",2,1,3,2,5,1,2,1,1,1,1,1,4,4,3,3,4,3,4,4,"disagree","pass","agree",4,4,4,4,"someA",4,3,4,4,2,3,4,3,"pass","somewhat",3,2,3,1,3,2,2,3,2,3,2,4,3,3,4,2,3,2,"often","N_Choice",0,0,2,59,96,83,3,31,99,72,36,0.82,9.81,4,2,0,6,1.666666667,10,"online",1,1,19,33.6,275,174,0,NA
"78",4990,1998,"N_latino","White",NA,"Female","straight","Vdisagree","soso","Vdisagree","Vdisagree","Vagree","Vdisagree","Vdisagree",4,4,4,4,5,5,5,5,5,5,5,5,5,5,5,5,5,5,5,5,5,4,5,4,5,"pass","Vagree",1,1,3,2,5,1,4,1,1,1,2,1,3,3,1,3,5,4,2,4,"disagree","pass","agree",4,2,1,4,"lowA",1,1,1,4,1,1,3,1,"pass","somewhat",3,1,4,2,3,2,1,4,2,3,2,3,3,4,3,2,3,1,"often","Y_Choice",1,1,1,0,0,0,0,57,99,90,34,0,6.9,3,1,0,4,1.75,7,"online",2,1,21,25.32,123,75,0,NA
"79",5311,2000,"N_latino","Black",NA,"Female","straight","Vdisagree","Vagree","soso","agree","Vdisagree","Vdisagree","agree",4,5,5,5,5,5,5,5,2,2,5,5,5,5,5,5,5,5,4,5,5,5,5,5,5,"pass","Vagree",5,5,4,5,2,5,5,5,5,5,5,5,4,5,5,5,5,5,4,5,"Vagree","pass","Vagree",5,5,5,5,"someA",5,5,5,5,5,3,2,5,"pass","moderately",2,1,2,1,2,2,2,3,4,2,4,2,1,3,1,4,2,2,"never","N_Choice",0,2,1,44,44,44,1,90,99,94,11,0.93,10.19,15,1,6,22,1.409090909,31,"online",0,0,3,27.04,371,124,124,NA
"80",5146,2001,"N_latino","White",NA,"Female","straight","Vdisagree","disagree","Vdisagree","Vdisagree","Vdisagree","Vdisagree","agree",2,2,4,4,4,1,5,4,2,5,4,5,5,5,5,5,5,5,4,5,5,4,5,4,4,"pass","Vagree",1,1,2,4,5,2,4,2,1,1,1,1,5,4,2,4,5,2,5,5,"agree","pass","agree",4,5,2,5,"lowA",2,1,2,3,1,1,2,1,"pass","verymuch",1,4,1,1,1,1,4,1,4,2,3,1,1,2,2,4,1,4,"sometimes","Y_Choice",1,1,1,0,0,0,0,46,56,51,2,0,1.83,0,5,0,5,1,5,"online",0,0,20,21.68,0,201,0,NA
"81",5002,1988,"N_latino","White",NA,"Female","straight","Vdisagree","Vdisagree","disagree","Vagree","Vdisagree","Vdisagree","Vagree",1,4,2,2,4,5,4,5,4,5,5,5,2,5,5,5,5,1,5,4,5,4,5,2,4,"fail","agree",1,1,2,1,4,1,3,2,2,2,4,2,2,4,1,3,5,1,2,5,"Vdisagree","pass","Vagree",4,2,1,5,"lowA",1,1,2,1,1,1,3,1,"pass","moderately",2,3,1,1,1,1,2,1,4,2,1,3,3,2,4,2,4,3,"sometimes","Y_Choice",1,1,1,57,99,93,40,21,99,73,71,11.14,19.78,9,2,0,11,1.818181818,20,"online",2,1,14,18.96,197,99,0,NA
"82",5068,2000,"N_latino","White",NA,"Female","straight","Vdisagree","soso","Vdisagree","agree","soso","Vdisagree","Vdisagree",3,1,3,4,3,1,5,4,2,4,3,4,4,5,4,4,4,4,2,4,4,4,4,4,4,"pass","Vagree",2,1,4,4,4,4,1,3,3,3,4,4,4,5,3,4,5,4,1,4,"disagree","pass","Vagree",5,2,4,5,"someA",3,3,5,5,2,2,4,4,"pass","somewhat",3,3,3,2,3,2,3,3,2,2,3,2,1,2,2,3,1,4,"sometimes","N_Choice",0,0,0,0,0,0,0,90,99,95,35,0,17.95,9,4,3,16,1.375,22,"online",1,1,9,34.84,328,215,134,NA
"83",5065,1994,"N_latino","White",NA,"Female","bi","disagree","disagree","disagree","soso","agree","Vdisagree","disagree",2,2,2,2,3,3,4,4,3,4,4,4,4,5,4,4,3,4,3,4,4,4,3,4,5,"pass","agree",2,2,4,3,4,2,4,2,2,3,2,2,4,2,1,4,5,2,4,5,"Vdisagree","pass","agree",4,4,4,4,"someA",2,1,2,2,1,3,2,2,"pass","somewhat",2,2,1,1,2,2,2,1,2,2,3,2,2,3,2,2,2,2,"never","Y_Choice",1,1,1,0,0,0,0,90,99,97,117,0,50.65,4,8,0,12,1.333333333,16,"online",1,1,13,18.24,76,193,0,NA
"84",5305,2000,"N_latino","White",NA,"Female","straight","Vdisagree","Vdisagree","disagree","Vdisagree","disagree","Vdisagree","disagree",3,3,3,4,4,3,2,5,5,5,5,5,5,5,5,5,4,4,5,5,5,4,5,5,5,"pass","Vagree",1,1,5,1,5,1,5,1,1,1,1,1,5,2,3,4,5,3,1,5,"disagree","pass","Vagree",5,5,2,5,"lowA",4,1,5,5,1,1,4,3,"pass","moderately",2,3,2,1,1,2,3,3,3,2,3,1,1,3,1,4,1,4,"always","N_Choice",0,0,1,65,74,69,2,90,99,96,163,0.3,24.55,2,7,1,10,1.1,11,"online",1,1,15,54.72,143,755,5,NA
"85",5293,1999,"N_latino","White",NA,"Male","straight","Vdisagree","Vdisagree","Vdisagree","Vdisagree","Vdisagree","Vdisagree","Vdisagree",3,2,3,2,4,1,3,3,3,2,3,5,5,5,5,3,2,5,3,4,4,4,3,3,5,"pass","Vagree",1,2,4,2,5,3,2,2,2,4,3,2,3,4,2,1,2,5,2,3,"disagree","fail","Vagree",5,2,4,1,"lowA",1,1,1,1,1,1,1,1,"pass","verymuch",2,4,1,1,1,1,2,1,2,2,4,3,2,3,2,3,1,4,"sometimes","Y_Choice",0,1,1,63,89,76,2,90,99,95,35,1.1,19.34,10,2,0,12,1.833333333,22,"online",2,2,13,49.64,664,185,0,NA
"86",5056,2001,"N_latino","White",NA,"Female","straight","disagree","Vdisagree","Vdisagree","soso","Vdisagree","Vdisagree","Vdisagree",4,4,3,4,4,3,4,5,5,5,5,5,4,5,4,3,5,4,5,3,4,3,4,4,5,"pass","Vagree",2,2,4,3,5,3,3,3,2,2,3,3,3,3,3,3,4,3,4,3,"disagree","pass","agree",4,4,3,4,"lowA",3,1,4,2,1,2,5,1,"pass","verymuch",2,4,1,1,1,1,2,1,3,2,3,2,1,3,2,3,1,2,"sometimes","N_Choice",1,1,1,91,99,98,27,91,99,96,33,27.27,33.33,0,4,2,6,0.666666667,4,"online",0,1,19,21.96,0,137,44,NA
"87",4999,1996,"N_latino","White",NA,"Female","straight","Vdisagree","Vdisagree","Vdisagree","Vdisagree","Vdisagree","Vdisagree","Vdisagree",3,4,3,4,5,3,4,4,4,4,5,5,5,5,5,4,4,5,4,4,5,4,5,5,5,"pass","agree",2,1,3,2,5,4,3,2,2,1,1,1,4,4,4,2,5,4,4,4,"disagree","pass","agree",4,2,2,5,"moderateA",4,2,5,4,2,2,5,3,"pass","moderately",2,2,3,1,3,2,2,1,3,2,2,2,2,3,3,4,4,2,"often","Y_Choice",1,0,2,92,99,97,6,91,99,95,16,10.17,27.12,1,3,2,6,0.833333333,5,"online",1,1,20,19.1153846153846,20,112,44,NA
"88",5083,1985,"N_latino",NA,NA,"Female","straight","disagree","Vdisagree","Vdisagree","Vdisagree","Vdisagree","Vdisagree","Vdisagree",3,3,4,3,4,3,4,5,5,5,5,5,5,5,5,3,5,5,4,4,5,4,5,5,5,"pass","agree",1,2,5,2,3,3,5,1,2,2,2,2,3,4,2,2,4,2,2,3,"Vdisagree","pass","Vagree",5,5,4,5,"lowA",3,1,3,3,1,1,3,1,"pass","somewhat",3,2,2,1,3,2,2,3,2,3,3,1,2,3,2,3,2,3,"sometimes","N_Choice",0,1,1,22,98,61,11,90,99,96,148,0.82,10.99,4,0,2,6,1.333333333,8,"online",1,1,20,65.8461538461538,465,0,281,NA
"89",5032,1977,"Y_latino","White",NA,"Female","straight","disagree","Vdisagree","Vdisagree","disagree","Vdisagree","Vdisagree","Vdisagree",2,2,1,3,2,3,2,3,2,1,5,2,4,3,4,2,4,4,5,2,4,4,2,4,5,"pass","agree",2,3,3,2,3,2,3,2,2,2,2,2,4,3,2,4,2,2,2,4,"Vdisagree","pass","agree",4,2,4,4,"lowA",1,1,1,2,1,1,1,1,"pass","moderately",2,4,1,1,1,1,3,2,4,1,4,1,1,2,1,4,2,4,"never","Y_Choice",1,0,0,24,0,83,111,21,99,84,247,16.11,35.85,5,2,0,7,1.714285714,12,"online",1,1,18,38.96,226,265,0,NA
"90",5011,2000,"N_latino","White",NA,"Female","straight","Vdisagree","Vdisagree","Vdisagree","Vdisagree","Vdisagree","Vdisagree","Vdisagree",2,5,2,4,4,4,4,4,2,4,5,5,5,5,5,4,5,5,5,5,5,4,5,5,5,"pass","Vagree",1,1,5,2,5,1,5,1,1,1,1,1,4,2,4,4,4,4,2,3,"disagree","pass","Vagree",5,5,4,5,"lowA",3,1,1,2,1,1,3,1,"pass","moderately",1,3,1,1,1,1,2,2,3,2,3,2,1,2,2,2,1,2,"never","N_Choice",0,1,1,0,0,0,0,22,99,65,42,0,24.56,3,8,0,11,1.272727273,14,"online",1,1,14,70.24,216,970,0,NA
"91",5074,2001,"Y_latino","White",NA,"Female","bi","agree","agree","disagree","agree","agree","Vdisagree","soso",1,1,1,1,2,1,4,2,3,4,4,4,4,4,3,3,4,4,4,3,5,3,4,3,4,"pass","agree",2,2,1,3,4,5,2,4,2,2,2,2,3,2,3,3,3,2,2,5,"Vdisagree","pass","agree",2,1,2,2,"lowA",3,1,4,4,1,1,3,2,"pass","moderately",1,3,2,1,2,2,2,1,2,3,2,4,3,2,3,1,3,2,"often","Y_Choice",1,0,0,0,0,0,0,24,99,74,74,0,29.84,7,0,1,8,1.75,14,"online",1,2,17,17.84,184,0,44,NA
"92",5272,2001,"N_latino","White",NA,"Male","straight","Vdisagree","disagree","disagree","agree","disagree","Vdisagree","Vdisagree",3,4,3,3,4,3,1,2,3,4,4,5,4,5,4,3,4,4,4,1,4,3,4,4,4,"pass","Vagree",2,1,3,1,5,3,4,3,2,2,2,2,3,3,4,2,5,4,3,4,"agree","pass","agree",4,2,2,4,"someA",2,3,2,4,2,3,3,1,"pass","moderately",2,3,1,1,1,1,3,1,3,2,3,2,1,3,2,3,2,3,"sometimes","N_Choice",0,2,1,88,98,95,12,26,99,77,161,2.26,30.38,6,5,0,11,1.545454545,17,"online",1,1,14,26.36,144,213,0,NA
"93",5230,2001,"N_latino","White",NA,"Female","straight","Vdisagree","Vdisagree","Vdisagree","Vdisagree","Vdisagree","Vdisagree","Vdisagree",3,3,3,3,3,4,3,4,4,5,4,5,5,5,4,5,5,5,4,5,5,4,5,5,5,"pass","soso",1,1,5,1,5,3,5,4,1,1,1,2,1,1,1,5,5,1,1,3,"disagree","pass","Vagree",5,3,5,5,"lowA",2,1,2,1,1,1,3,1,"pass","moderately",2,3,2,1,3,1,3,3,3,2,3,2,1,4,1,3,2,2,"sometimes","N_Choice",1,0,1,87,87,87,1,91,99,98,50,0.26,12.95,0,0,14,14,0,0,"online",1,1,11,18.16,0,0,300,NA
"94",4912,1971,"N_latino","Black",NA,"Female","straight","Vdisagree","Vagree","agree","Vdisagree","soso","soso","soso",3,3,3,4,3,3,5,5,3,4,5,5,5,5,5,3,5,5,5,5,5,4,5,4,5,"pass","agree",1,1,5,1,1,1,4,3,1,1,1,1,5,1,3,3,4,5,1,5,"soso","pass","Vagree",4,4,4,4,"moderateA",5,3,5,5,3,3,5,3,"pass","moderately",1,2,1,1,1,1,4,2,4,2,4,1,1,2,1,4,1,3,"never","N_Choice",1,0,0,43,99,85,14,22,99,81,51,4.11,14.96,1,3,5,9,0.555555556,5,"online",1,1,16,54.68,96,266,294,NA
"95",5278,1998,"Y_latino","AIAN",NA,"Female","bi","Vdisagree","agree","Vagree","Vagree","soso","soso","Vagree",5,5,3,5,5,5,5,4,4,5,5,5,5,5,5,5,5,5,5,5,4,5,5,5,5,"pass","agree",1,1,5,5,1,5,5,3,1,2,1,1,5,5,5,1,5,5,1,5,"Vdisagree","pass","Vagree",5,5,1,5,"highA",5,3,5,5,1,5,5,5,"pass","somewhat",4,2,4,1,2,1,2,4,1,4,2,2,1,4,4,4,1,2,"always","Y_Choice",0,0,1,27,99,83,32,21,100,74,113,5.27,18.62,20,0,2,22,1.818181818,40,"online",2,1,3,41.04,903,0,60,NA
"96",5284,2000,"N_latino","White",NA,"Male","straight","Vdisagree","Vdisagree","Vdisagree","Vdisagree","Vdisagree","Vdisagree","Vdisagree",3,3,3,4,4,3,2,2,2,5,5,5,5,5,5,5,5,5,5,5,5,4,5,4,5,"pass","Vagree",1,1,5,2,4,1,4,2,1,1,1,1,4,5,4,2,5,4,2,5,"soso","pass","Vagree",5,5,5,5,"lowA",1,1,2,2,1,1,2,1,"pass","verymuch",2,4,1,1,1,1,4,2,4,1,3,1,1,1,2,3,2,3,"sometimes","N_Choice",1,1,1,23,99,88,45,91,99,95,31,13.93,9.6,4,4,0,8,1.5,12,"online",1,1,17,33.2,181,237,0,NA
"97",4921,1999,"N_latino","White",NA,"Female","straight","Vdisagree","Vdisagree","disagree","disagree","soso","Vdisagree","Vdisagree",3,4,3,2,4,4,5,4,3,5,4,5,5,5,5,4,4,5,4,5,5,5,4,5,5,"pass","Vagree",2,1,5,3,4,3,4,2,2,3,3,1,4,4,4,3,4,4,2,4,"agree","pass","agree",4,4,4,4,"moderateA",3,3,5,5,2,2,5,2,"pass","somewhat",2,2,2,2,2,2,2,2,2,1,2,1,1,2,2,3,1,1,"sometimes","Y_Choice",1,NA,NA,0,0,0,0,94,99,97,11,0,3.55,8,0,4,12,1.333333333,16,"online",NA,NA,13,20.24,209,0,97,NA
"98",5365,2000,"N_latino","White",NA,"Female","straight","Vdisagree","disagree","disagree","disagree","disagree","disagree","agree",2,4,2,3,4,4,4,2,1,5,5,4,4,4,4,3,4,4,5,4,5,4,3,4,5,"pass","agree",1,1,4,2,5,2,4,2,1,1,1,2,4,4,3,3,4,3,2,4,"disagree","pass","disagree",3,4,2,4,"lowA",3,1,3,3,1,3,3,1,"pass","notatall",4,2,4,1,4,4,1,4,1,3,2,3,1,4,2,2,2,2,"always","N_Choice",0,NA,NA,0,0,0,0,86,86,86,1,0,1.43,7,5,0,12,1.583333333,19,"online",NA,NA,13,21.04,196,208,0,NA
"99",4939,2001,"N_latino","White",NA,"Female","straight","Vdisagree","disagree","Vdisagree","disagree","disagree","Vdisagree","soso",2,3,3,3,3,4,3,3,2,5,4,5,4,5,5,3,4,4,4,4,4,5,5,4,4,"pass","agree",2,2,4,2,4,2,3,3,2,2,2,2,5,2,1,5,5,3,3,5,"soso","pass","agree",5,4,4,5,"lowA",1,1,1,3,1,1,1,1,"pass","verymuch",1,4,2,1,1,2,4,1,3,2,4,2,1,2,1,4,1,4,"never","Y_Choice",0,1,1,23,99,72,14,30,99,82,84,1.53,9.19,4,8,0,12,1.333333333,16,"online",2,1,13,46.88,224,632,0,NA
"100",5314,1998,"N_latino","White",NA,"Male","straight","Vdisagree","Vagree","disagree","Vdisagree","Vdisagree","Vagree","agree",3,1,4,5,5,5,1,4,3,4,4,5,5,4,4,4,5,5,4,5,5,5,4,5,5,"pass","soso",3,4,3,4,3,2,3,3,5,5,5,4,5,5,3,3,4,3,4,4,"disagree","pass","agree",4,4,1,5,"someA",3,2,4,5,1,1,2,2,"pass","verymuch",3,3,3,2,2,2,3,2,3,3,3,2,1,4,1,3,1,3,"often","N_Choice",0,1,2,0,0,0,0,29,99,62,54,0,31.4,10,5,1,16,1.5625,25,"online",1,1,9,33.56,330,239,42,NA
"101",5221,2000,"N_latino","White",NA,"Female","straight","Vdisagree","disagree","disagree","Vdisagree","disagree","disagree","disagree",2,4,2,2,3,2,2,2,2,2,4,4,4,5,4,4,4,3,3,4,4,3,4,2,4,"pass","Vagree",4,2,5,2,4,2,2,1,2,2,2,2,4,3,4,3,4,4,2,4,"disagree","pass","agree",4,4,4,5,"lowA",4,1,5,3,1,2,2,2,"pass","somewhat",2,2,3,2,2,2,2,1,2,2,2,2,1,3,2,2,1,2,"often","N_Choice",1,0,2,0,0,0,0,56,99,84,12,0,8.28,3,1,0,4,1.75,7,"online",1,1,21,9.48,44,15,0,NA
"102",5179,2000,"N_latino","Black",NA,"Female","straight","Vdisagree","Vdisagree","Vdisagree","Vdisagree","Vdisagree","Vdisagree","Vdisagree",1,1,1,1,2,1,3,5,4,5,5,5,4,5,5,3,4,4,5,3,5,3,3,4,4,"pass","Vagree",1,1,4,1,3,4,3,3,1,1,1,1,3,1,4,3,4,3,2,4,"Vdisagree","pass","Vagree",4,3,1,5,"lowA",2,3,4,3,1,2,5,3,"pass","verymuch",1,4,2,1,1,1,4,2,4,2,4,2,1,2,2,4,1,4,"sometimes","Y_Choice",1,0,1,93,94,93,2,82,99,94,69,0.33,11.26,10,0,0,10,2,20,"online",1,1,15,22.88,308,0,0,NA
"103",5080,2001,"N_latino","White",NA,"Female","straight","soso","Vdisagree","Vdisagree","Vdisagree","Vdisagree","Vdisagree","disagree",4,5,4,5,4,5,4,4,5,5,4,5,5,5,3,4,3,4,5,4,5,4,4,5,4,"pass","Vagree",1,1,4,2,3,3,2,1,2,2,2,2,4,2,4,3,4,4,2,5,"disagree","pass","Vagree",5,5,4,5,"lowA",3,1,3,2,1,1,4,2,"pass","somewhat",1,3,2,1,1,1,2,2,4,2,4,1,1,2,1,3,1,3,"never","N_Choice",0,1,1,0,0,0,0,90,100,97,241,0,40.1,3,5,2,10,1.1,11,"online",1,1,15,30.64,86,292,97,NA
"104",5137,2001,"N_latino","Black",NA,"Female","straight","Vdisagree","Vdisagree","Vdisagree","disagree","Vdisagree","Vdisagree","disagree",1,1,1,1,4,1,2,2,1,4,2,4,4,4,4,4,4,4,5,3,5,4,4,4,2,"pass","agree",2,2,1,4,5,5,4,2,1,2,2,2,2,1,4,2,5,4,1,4,"Vdisagree","pass","agree",2,1,4,4,"moderateA",5,1,5,5,1,2,5,4,"pass","verymuch",1,4,1,1,1,1,4,2,3,2,3,2,1,2,2,3,1,3,"sometimes","Y_Choice",1,0,1,0,0,0,0,24,99,84,61,0,29.33,8,3,2,13,1.461538462,19,"online",1,2,12,37.92,309,245,1,NA
"105",5398,1991,"N_latino","Black",NA,"Female","straight","Vdisagree","Vdisagree","Vdisagree","Vdisagree","Vdisagree","Vdisagree","agree",4,5,5,5,4,4,5,5,5,5,4,5,4,5,4,5,4,4,5,4,4,4,5,4,4,"pass","Vagree",2,2,2,2,5,2,5,2,2,4,2,2,5,4,4,4,5,2,1,5,"agree","pass","disagree",2,2,1,5,"highA",5,5,4,5,5,5,5,5,"pass","notatall",4,1,3,4,4,4,1,4,1,2,3,2,2,3,2,3,3,2,"often","N_Choice",0,0,1,66,66,66,1,69,99,91,46,0.22,9.89,2,12,0,14,1.142857143,16,"online",1,1,11,33.48,59,527,0,NA
"106",5041,1988,"N_latino","White",NA,"Female","straight","disagree","Vdisagree","Vdisagree","Vdisagree","Vdisagree","Vdisagree","Vdisagree",2,4,3,5,4,3,3,4,3,5,5,4,5,5,5,4,4,5,4,3,5,4,4,4,5,"pass","Vagree",1,1,5,1,5,2,4,1,1,2,1,1,4,4,3,2,5,5,2,4,"disagree","pass","Vagree",5,5,4,5,"lowA",2,1,2,3,1,2,3,3,"pass","moderately",1,3,2,1,1,1,3,2,3,2,3,1,1,2,1,4,1,4,"sometimes","Y_Choice",1,0,2,0,0,0,0,90,99,96,52,0,12.44,NA,NA,NA,NA,NA,NA,"online",1,1,NA,NA,NA,NA,NA,NA
"107",5149,2000,"N_latino","White",NA,"Female","straight","Vdisagree","disagree","Vdisagree","Vdisagree","Vdisagree","Vdisagree","Vdisagree",3,3,1,3,3,2,5,4,2,5,5,5,4,5,5,4,4,4,3,3,5,4,5,3,4,"pass","agree",2,2,3,2,5,4,4,2,4,2,3,2,5,2,2,4,5,2,3,4,"disagree","pass","agree",4,2,2,4,"moderateA",5,3,5,5,5,2,5,5,"pass","somewhat",2,2,2,2,2,1,2,2,2,2,2,2,1,3,3,2,2,2,"sometimes","N_Choice",0,0,2,23,99,85,60,90,100,97,161,10.19,27.33,0,0,15,15,0,0,"online",1,1,10,31.08,0,0,500,NA
"108",5356,1987,"N_latino","White",NA,"Female","straight","Vdisagree","Vdisagree","Vdisagree","Vdisagree","Vdisagree","Vdisagree","Vdisagree",2,2,1,3,4,3,4,5,5,5,5,5,5,5,5,5,5,5,5,5,5,5,5,5,5,"pass","Vagree",1,1,5,1,3,1,5,1,1,1,1,1,4,2,1,4,5,2,1,5,"Vdisagree","pass","Vagree",5,5,4,5,"lowA",2,1,2,2,1,1,4,2,"pass","moderately",1,3,2,1,1,1,3,2,4,2,3,1,2,2,2,4,1,4,"sometimes","Y_Choice",0,1,1,96,98,97,4,22,99,64,128,1.32,42.48,2,4,0,6,1.333333333,8,"online",0,1,19,43,80,562,0,NA
"109",5458,1998,"Y_latino","White",NA,"Female","straight","disagree","disagree","disagree","agree","disagree","disagree","Vdisagree",3,5,3,4,3,4,3,5,4,5,3,5,4,5,4,2,5,2,2,4,4,4,4,2,4,"pass","agree",2,2,4,2,3,3,1,2,2,1,2,2,4,4,2,3,3,3,4,5,"Vdisagree","pass","Vagree",4,4,2,5,"someA",4,2,5,3,4,4,5,3,"pass","notatall",2,1,2,1,3,3,2,2,2,2,2,3,1,2,1,2,2,3,"sometimes","Y_Choice",1,0,0,0,0,0,0,22,99,74,30,0,23.08,NA,NA,NA,NA,NA,NA,"online",1,1,NA,NA,NA,NA,NA,NA
"110",5449,1992,"N_latino","White",NA,"Female","straight","disagree","Vdisagree","soso","disagree","disagree","disagree","disagree",4,4,4,4,4,4,4,4,5,4,4,4,4,4,4,4,4,4,4,4,4,4,4,4,4,"pass","agree",2,2,4,2,4,4,2,2,2,2,2,2,4,4,2,4,4,2,4,4,"soso","pass","agree",4,2,4,4,"highA",5,5,5,5,5,5,5,5,"pass","somewhat",3,2,3,1,2,2,2,2,2,2,2,3,2,3,2,3,2,2,"sometimes","N_Choice",0,0,0,0,0,0,0,90,100,98,113,0,47.08,4,9,2,15,1.133333333,17,"online",1,1,10,42.04,133,455,127,NA
"111",5191,2000,"N_latino","White",NA,"Female","straight","soso","disagree","disagree","disagree","soso","disagree","disagree",3,4,3,4,3,3,3,3,4,5,5,5,4,4,3,4,5,4,3,4,5,4,5,3,4,"pass","Vagree",3,3,4,3,5,3,5,3,4,4,3,5,5,4,3,3,5,3,3,4,"soso","pass","Vagree",3,4,4,4,"someA",5,2,3,4,2,1,5,2,"pass","moderately",1,2,2,1,1,3,2,1,2,1,2,1,1,3,2,3,1,2,"never","Y_Choice",0,1,1,70,70,70,1,91,99,97,67,0.19,12.52,5,6,5,16,1,16,"online",0,0,9,46.56,242,364,244,NA
"112",5455,2000,"N_latino","White",NA,"Female","notsaying","disagree","soso","soso","disagree","agree","disagree","soso",2,5,4,4,5,5,4,3,5,4,5,5,5,5,5,4,5,5,5,4,4,3,4,4,4,"pass","agree",1,2,5,2,2,3,4,2,1,2,2,3,4,4,3,2,5,4,2,3,"agree","pass","Vagree",5,3,4,4,"moderateA",4,2,1,4,1,2,3,1,"pass","moderately",2,2,1,1,2,1,2,3,3,2,4,1,1,3,1,3,2,3,"sometimes","N_Choice",0,1,1,31,99,72,8,90,99,97,119,2.02,29.97,9,0,0,9,2,18,"online",1,1,16,44.6,350,0,0,NA
"113",4972,1980,"N_latino","White",NA,"Male","straight","Vdisagree","Vdisagree","Vdisagree","Vdisagree","Vdisagree","Vdisagree","Vdisagree",4,4,5,4,3,3,3,2,3,5,4,5,5,5,4,4,5,5,5,3,5,3,5,4,5,"pass","Vagree",1,2,4,2,4,1,3,3,1,1,1,1,4,2,2,3,5,2,2,5,"disagree","pass","agree",4,3,2,5,"moderateA",4,4,4,4,2,3,5,2,"pass","somewhat",1,2,1,1,2,1,1,2,2,2,2,2,2,2,2,3,2,2,"often","Y_Choice",0,1,1,24,99,71,18,22,99,69,242,1.77,23.84,0,3,3,6,0.5,3,"online",0,0,19,74.08,0,334,477,NA
"114",5326,1998,"N_latino",NA,NA,"Female","other","Vdisagree","Vdisagree","Vdisagree","Vdisagree","Vdisagree","Vdisagree","Vdisagree",3,2,2,3,4,4,5,3,3,3,4,5,5,5,4,5,5,5,5,4,5,4,5,4,5,"pass","Vagree",1,1,5,1,5,1,5,1,1,1,1,1,4,2,3,2,4,3,2,4,"disagree","pass","agree",5,4,2,4,"lowA",3,1,3,3,1,1,2,1,"pass","somewhat",1,3,1,1,1,2,3,1,3,2,3,1,2,2,2,2,2,2,"never","N_Choice",1,0,0,93,93,93,1,26,99,85,106,0.29,31.27,NA,NA,NA,NA,NA,NA,"online",1,1,NA,NA,NA,NA,NA,NA
"115",5407,1979,"N_latino","Black",NA,"Female","straight","Vdisagree","disagree","Vdisagree","disagree","Vdisagree","Vdisagree","disagree",1,1,1,1,1,1,4,4,3,5,5,5,4,5,5,4,5,5,5,4,5,4,5,5,5,"pass","Vagree",1,1,5,1,4,1,3,1,1,1,1,1,4,3,3,2,4,3,1,4,"soso","pass","Vagree",5,5,4,5,"lowA",2,1,3,2,1,1,3,1,"pass","verymuch",2,4,1,1,2,1,4,1,4,2,3,2,1,2,1,4,1,4,"never","Y_Choice",1,1,1,0,0,0,0,21,99,59,239,0,50.96,NA,NA,NA,NA,NA,NA,"online",2,2,NA,NA,NA,NA,NA,NA
"116",5044,2001,"N_latino",NA,NA,"Female","straight","Vdisagree","disagree","Vdisagree","disagree","Vdisagree","Vdisagree","agree",2,4,2,4,4,2,4,4,4,5,4,4,5,5,4,3,4,4,5,5,3,3,4,4,4,"pass","Vagree",2,1,2,1,5,4,4,2,5,1,1,1,4,3,4,4,4,4,4,3,"Vagree","pass","agree",4,4,1,5,"someA",4,1,2,5,1,1,5,3,"pass","somewhat",3,2,2,1,2,2,2,4,3,3,2,2,1,4,4,2,1,2,"never","N_Choice",0,1,1,0,0,0,0,28,99,67,242,0,22.37,0,9,4,13,0.692307692,9,"online",0,0,12,71.36,0,877,404,NA
"117",5203,1989,"N_latino","White",NA,"Female","straight","Vdisagree","Vdisagree","Vdisagree","Vdisagree","Vdisagree","Vdisagree","Vdisagree",1,1,1,1,3,3,3,5,5,5,5,5,4,5,4,5,5,5,4,4,5,5,4,5,5,"pass","agree",1,1,5,1,1,3,5,1,1,1,2,1,3,3,4,1,4,3,3,4,"Vdisagree","pass","Vagree",5,5,5,5,"lowA",4,1,4,4,1,1,5,1,"pass","verymuch",1,4,2,1,1,1,4,1,4,2,2,2,2,3,3,2,3,3,"often","Y_Choice",1,2,2,0,0,0,0,39,99,80,95,0,38.46,3,3,0,6,1.5,9,"online",1,1,19,36.76,124,193,0,NA
"118",4942,2000,"N_latino","White",NA,"Female","straight","disagree","Vdisagree","Vdisagree","agree","Vdisagree","Vdisagree","Vdisagree",4,5,4,5,4,5,4,2,2,4,4,5,4,5,5,3,4,4,5,5,4,3,4,2,3,"pass","Vagree",3,2,2,2,2,3,4,2,3,3,2,2,4,4,4,3,4,4,2,4,"disagree","pass","agree",4,3,2,5,"lowA",4,1,4,3,1,1,5,1,"pass","somewhat",3,2,3,1,1,2,2,2,2,4,2,2,1,4,2,2,2,2,"often","Y_Choice",0,1,2,22,99,67,11,21,99,79,249,1.08,24.41,8,2,0,10,1.8,18,"online",0,0,15,51.64,669,195,0,NA
"119",5395,1989,"N_latino","White",NA,"Female","straight","Vdisagree","Vdisagree","Vdisagree","soso","soso","Vdisagree","Vdisagree",2,2,3,2,4,1,2,4,4,5,5,5,4,5,5,4,5,3,4,3,5,3,4,4,4,"pass","Vagree",1,1,4,1,4,2,4,1,1,1,1,1,4,4,4,3,4,4,4,4,"Vdisagree","pass","agree",4,4,4,4,"lowA",3,1,3,1,1,1,2,1,"pass","verymuch",1,4,1,1,1,1,4,1,4,3,3,3,2,4,2,3,2,2,"sometimes","Y_Choice",0,1,1,23,98,49,3,90,99,96,58,0.43,8.3,2,5,2,9,1,9,"online",1,1,16,70.08,56,773,187,NA
"120",5491,2000,"N_latino","White",NA,"Female","straight","Vdisagree","Vdisagree","Vdisagree","Vdisagree","Vdisagree","Vdisagree","Vdisagree",3,3,3,3,4,3,4,3,3,5,5,5,4,5,5,4,4,5,4,4,5,4,5,4,5,"pass","agree",1,2,4,1,3,2,3,2,1,2,2,2,4,2,2,2,4,4,2,4,"agree","pass","agree",4,3,3,4,"lowA",3,1,3,3,1,2,4,1,"pass","moderately",1,3,1,1,1,1,3,1,3,2,3,2,1,2,2,4,2,4,"sometimes","N_Choice",1,1,1,0,0,0,0,90,99,96,54,0,27.98,2,2,0,4,1.5,6,"online",1,1,21,37.76,109,228,0,NA
"121",5401,1999,"N_latino","White",NA,"Female","bi","Vdisagree","agree","Vdisagree","Vdisagree","Vdisagree","Vdisagree","disagree",3,4,2,4,5,5,5,4,4,5,5,5,5,5,5,5,5,5,5,5,4,4,4,5,5,"pass","Vagree",1,1,4,2,4,1,4,1,1,1,1,1,4,4,4,3,5,4,3,5,"Vdisagree","pass","Vagree",4,4,4,5,"lowA",4,1,2,2,1,1,4,1,"pass","verymuch",1,4,2,1,1,1,3,1,4,4,2,2,2,4,3,2,2,3,"often","N_Choice",0,1,1,99,99,99,3,22,99,69,93,0.76,23.43,5,4,4,13,1.076923077,14,"online",1,1,12,42.56,184,224,249,NA
"122",5485,1998,"N_latino","White",NA,"Female","other","Vdisagree","Vdisagree","Vdisagree","disagree","Vdisagree","Vdisagree","soso",1,3,3,4,4,3,4,5,5,5,4,5,5,5,4,4,4,4,5,4,5,4,5,5,5,"pass","soso",1,2,4,3,4,1,1,2,1,2,1,1,4,1,2,3,5,2,3,4,"disagree","pass","Vagree",5,4,2,5,"lowA",1,1,1,3,1,1,1,2,"pass","somewhat",4,1,4,4,2,1,1,3,2,3,3,4,2,4,2,3,2,3,"often","Y_Choice",0,1,1,22,61,45,7,21,99,79,115,1.01,16.59,1,5,2,8,0.875,7,"online",0,0,17,36.04,71,336,138,NA
"123",5320,2000,"N_latino","White",NA,"Female","straight","Vdisagree","agree","Vdisagree","Vagree","Vagree","Vdisagree","Vdisagree",4,1,4,4,4,4,4,1,4,5,3,4,2,5,4,2,4,4,5,2,2,2,1,2,4,"pass","agree",2,1,1,4,5,5,4,5,1,3,4,2,5,5,5,3,4,5,5,2,"agree","pass","Vdisagree",1,1,1,1,"moderateA",5,5,5,5,5,5,5,5,"pass","moderately",3,2,4,3,3,3,2,4,1,4,1,4,3,4,4,2,4,1,"always","N_Choice",1,0,0,0,0,0,0,92,98,94,5,0,26.32,11,2,1,14,1.714285714,24,"online",1,1,11,25.44,332,120,7,NA
"124",5410,2000,"N_latino","Black",NA,"Female","bi","agree","disagree","Vagree","disagree","disagree","Vdisagree","agree",1,1,1,2,1,1,4,4,5,5,3,5,3,4,4,2,3,4,3,2,5,4,3,3,3,"pass","agree",3,3,1,3,4,4,2,4,2,2,3,1,5,2,3,4,4,2,1,5,"disagree","pass","Vagree",3,1,4,4,"someA",4,1,5,4,4,1,4,2,"pass","somewhat",2,2,4,1,1,3,2,2,2,2,2,4,2,3,3,3,2,3,"often","Y_Choice",0,1,1,69,91,80,2,90,100,96,71,0.7,24.83,4,8,5,17,0.941176471,16,"online",1,1,8,41.2,109,396,274,NA
"125",5161,2000,"N_latino","Black",NA,"Female","straight","Vdisagree","agree","agree","agree","agree","Vdisagree","Vagree",5,5,4,5,4,4,5,4,4,5,4,5,5,5,5,5,5,5,4,5,5,5,5,4,5,"pass","Vagree",1,4,5,4,5,2,5,2,1,4,3,4,5,4,5,1,5,5,3,5,"agree","pass","Vagree",4,3,2,5,"lowA",4,2,4,5,1,2,2,2,"pass","moderately",1,2,2,1,3,2,2,3,2,2,3,2,2,4,4,2,2,2,"sometimes","N_Choice",0,0,1,21,99,72,149,22,99,74,111,18.49,13.77,0,2,10,12,0.166666667,2,"online",0,0,13,36.56,0,89,523,NA
"126",5116,2000,"N_latino","White",NA,"Female","straight","Vdisagree","Vdisagree","Vdisagree","Vdisagree","Vdisagree","Vdisagree","Vdisagree",1,1,2,3,4,4,4,4,4,5,5,5,5,5,5,3,5,4,5,2,5,4,5,5,5,"pass","Vagree",1,1,5,1,5,2,5,1,1,1,1,1,5,1,2,4,5,1,1,4,"Vdisagree","pass","Vagree",5,5,4,5,"lowA",5,2,5,4,1,3,5,1,"pass","moderately",2,2,3,1,4,2,2,2,3,3,2,4,2,4,3,2,1,4,"often","N_Choice",1,0,1,0,0,0,0,92,99,98,23,0,5.75,7,3,0,10,1.7,17,"online",1,1,15,25.2,166,131,0,NA
"127",5077,1992,"N_latino","Black",NA,"Female","straight","Vdisagree","Vdisagree","Vdisagree","Vdisagree","Vdisagree","Vdisagree","Vdisagree",1,3,2,1,4,2,4,4,5,5,5,5,5,5,5,4,5,4,4,5,5,4,4,4,5,"pass","Vagree",1,2,5,1,3,1,3,2,1,1,1,1,4,3,3,3,3,3,2,3,"disagree","pass","Vagree",5,5,2,5,"someA",4,4,5,3,4,5,5,4,"pass","somewhat",2,3,1,2,4,2,2,2,3,3,3,2,2,2,2,3,2,4,"often","Y_Choice",1,0,0,95,99,98,5,90,99,96,105,0.59,12.44,12,0,5,17,1.411764706,24,"online",1,1,8,35.8,538,0,171,NA
"128",5302,1999,"N_latino","White",NA,"Female","straight","Vdisagree","Vdisagree","Vdisagree","Vdisagree","soso","Vdisagree","agree",1,1,2,2,4,5,4,5,5,5,5,5,5,5,5,5,5,5,5,4,5,5,5,5,5,"pass","Vagree",2,2,4,2,5,4,5,2,2,2,5,1,3,2,1,3,5,5,2,4,"disagree","pass","Vagree",4,4,1,5,"someA",4,4,5,5,3,2,4,3,"fail","moderately",2,2,2,1,4,2,2,4,3,3,4,3,1,4,2,3,2,3,"never","N_Choice",0,0,0,0,0,0,0,23,99,72,93,0,11.74,2,13,3,18,0.944444444,17,"online",1,1,7,32.64,48,555,6,NA
"129",4960,1989,"N_latino","White",NA,"Female","straight","Vdisagree","Vdisagree","Vdisagree","Vdisagree","Vdisagree","Vdisagree","Vdisagree",1,2,1,1,4,4,4,4,5,4,5,5,4,4,4,4,4,3,4,4,5,4,5,4,5,"pass","Vagree",1,1,4,2,3,4,3,2,1,1,1,1,5,1,1,5,5,1,1,5,"Vdisagree","pass","agree",4,4,2,5,"lowA",3,1,4,3,1,1,4,1,"pass","somewhat",2,3,2,1,2,1,2,2,3,2,2,3,3,3,4,1,3,3,"never","N_Choice",1,0,0,30,99,82,13,90,99,96,19,7.65,11.18,3,5,1,9,1.222222222,11,"online",NA,NA,NA,NA,NA,NA,NA,NA
"130",5578,2000,"N_latino","Asian",NA,"Male","straight","disagree","agree","disagree","soso","disagree","disagree","agree",4,5,4,4,5,2,5,5,4,5,4,4,5,5,4,4,4,4,5,4,3,4,5,5,4,"pass","agree",1,4,2,4,4,4,4,2,2,1,2,2,5,4,5,2,5,4,5,4,"agree","pass","agree",4,3,1,4,"someA",5,2,4,4,2,3,3,3,"pass","moderately",1,2,3,2,2,2,3,1,3,1,3,3,1,2,2,3,2,3,"sometimes","Y_Choice",0,0,0,22,99,85,46,90,100,96,275,3.16,18.9,0,0,1,1,0,0,"online",1,1,24,43.04,0,0,176,NA
"131",5530,1990,"Y_latino","Other","Latino or Hispanic","Female","straight","Vdisagree","Vdisagree","Vdisagree","Vdisagree","Vdisagree","Vdisagree","Vdisagree",1,1,1,4,5,1,4,5,1,5,5,5,5,5,5,3,3,5,5,4,5,5,3,2,5,"pass","Vagree",1,1,4,1,5,5,5,1,1,5,1,1,5,1,1,5,5,1,1,5,"Vdisagree","pass","Vagree",5,1,5,5,"lowA",5,1,5,3,3,2,5,1,"pass","somewhat",4,1,4,3,3,1,2,4,2,3,2,3,2,2,3,1,2,3,"always","Y_Choice",1,1,1,0,0,0,0,30,99,69,30,0,42.86,4,1,0,5,1.8,9,"online",0,1,20,44.84,314,61,0,NA
"132",4963,1968,"N_latino",NA,NA,"Female","straight","Vdisagree","Vdisagree","Vdisagree","Vdisagree","Vdisagree","Vdisagree","Vdisagree",3,4,3,5,4,3,5,5,4,5,5,5,5,5,5,5,5,5,4,5,5,4,5,5,5,"pass","Vagree",3,2,5,1,5,3,5,1,1,4,2,1,5,2,2,1,5,4,2,4,"Vdisagree","pass","Vagree",4,5,4,5,"lowA",2,1,3,2,1,1,3,2,"pass","moderately",2,3,1,1,1,1,3,1,3,1,3,2,1,2,2,4,1,4,"sometimes","N_Choice",0,1,1,0,0,0,0,23,99,88,167,0,7.92,0,7,2,9,0.777777778,7,"online",1,1,16,71.68,0,869,425,NA
"133",5155,2000,"N_latino","White",NA,"Female","straight","Vdisagree","Vdisagree","Vdisagree","disagree","Vdisagree","Vdisagree","Vdisagree",4,5,4,5,4,2,5,4,2,4,5,5,5,5,4,4,5,4,4,5,5,5,4,4,5,"pass","Vagree",1,1,5,2,5,2,4,2,2,2,2,2,5,5,1,5,5,1,1,5,"Vdisagree","pass","Vagree",4,4,4,5,"lowA",5,1,4,4,1,1,5,2,"pass","moderately",2,2,1,1,2,1,2,2,3,2,3,2,2,3,1,4,2,3,"often","N_Choice",1,0,1,99,99,99,5,27,99,64,15,3.85,11.54,8,3,0,11,1.727272727,19,"online",1,0,14,27.48,275,168,0,NA
"134",5374,2000,"N_latino","White",NA,"Female","straight","soso","disagree","disagree","soso","disagree","Vdisagree","Vdisagree",3,3,3,3,3,3,3,3,2,5,4,4,3,4,4,4,3,4,4,4,3,4,4,3,4,"pass","Vagree",1,2,3,2,3,2,3,3,2,2,2,2,5,2,3,3,4,2,2,5,"disagree","pass","Vagree",4,3,4,5,"lowA",2,1,3,2,1,1,4,1,"pass","somewhat",2,2,2,2,2,2,3,2,3,2,3,2,1,2,2,3,1,3,"sometimes","N_Choice",0,0,1,0,0,0,0,29,99,92,39,0,44.32,7,6,0,13,1.538461538,20,"online",1,1,12,30.8,193,303,0,NA
"135",5608,2000,"N_latino","White",NA,"Male","straight","Vdisagree","disagree","disagree","Vdisagree","disagree","Vdisagree","disagree",3,3,3,2,4,2,4,4,4,4,4,5,5,5,4,3,3,4,4,4,5,4,4,4,4,"pass","agree",1,2,3,2,5,3,4,2,1,2,1,3,4,5,4,3,4,3,4,4,"soso","pass","Vagree",3,4,4,5,"lowA",3,1,3,3,1,1,4,2,"pass","somewhat",2,2,1,1,1,3,2,3,3,2,3,1,1,1,2,3,2,4,"sometimes","Y_Choice",0,1,1,98,98,98,1,83,99,95,158,0.12,18.68,6,0,1,7,1.714285714,12,"online",1,2,18,41.52,327,0,106,NA
"136",5641,1985,"N_latino","White",NA,"Female","straight","Vdisagree","soso","Vdisagree","soso","Vdisagree","Vdisagree","Vdisagree",1,2,3,2,2,1,4,4,4,4,4,4,3,4,4,4,4,4,4,4,5,3,3,3,4,"pass","agree",2,2,4,3,4,3,4,2,2,3,2,2,5,3,1,3,4,1,2,4,"Vdisagree","pass","disagree",2,2,2,2,"lowA",2,1,3,4,2,2,4,2,"pass","somewhat",3,2,2,2,3,2,1,3,2,3,2,2,2,1,2,2,2,2,"often","Y_Choice",0,1,1,24,99,71,27,90,100,97,111,4.41,18.14,1,6,7,14,0.571428571,8,"online",0,0,11,30.92,22,386,157,NA
"137",3970,2001,"N_latino","White",NA,"Female","straight","disagree","disagree","Vdisagree","agree","disagree","Vdisagree","disagree",3,4,2,3,4,3,4,2,3,4,4,5,3,5,5,4,5,4,5,5,5,5,4,2,4,"pass","Vagree",1,1,3,2,4,2,4,2,2,2,2,2,4,2,2,4,5,2,2,5,"disagree","pass","Vagree",5,4,2,5,"lowA",3,1,4,2,1,1,4,1,"pass","verymuch",1,4,2,1,1,1,4,1,4,2,3,1,1,2,2,4,2,3,"sometimes","Y_Choice",1,0,1,90,99,98,7,23,100,82,298,1.1,46.64,6,0,0,6,2,12,"online",1,1,19,17.84,159,0,0,NA
"138",4909,1986,"N_latino","White",NA,"Female","straight","Vdisagree","Vdisagree","Vdisagree","Vdisagree","Vdisagree","Vdisagree","disagree",2,2,1,2,4,4,4,4,2,5,5,5,5,5,5,4,4,5,4,5,5,5,4,5,5,"pass","Vagree",1,1,5,1,5,2,4,1,1,1,1,1,5,1,1,4,5,1,1,4,"Vdisagree","pass","agree",5,4,4,5,"lowA",1,1,1,1,1,1,2,1,"pass","somewhat",2,3,2,1,1,1,3,2,3,2,2,4,2,3,2,2,2,3,"sometimes","N_Choice",0,1,1,51,99,70,4,90,100,97,183,0.63,28.73,2,3,3,8,0.875,7,"online",1,1,17,85.24,124,702,676,NA
"139",4987,1976,"N_latino","White",NA,"Female","straight","Vdisagree","Vdisagree","Vdisagree","disagree","Vdisagree","Vdisagree","Vdisagree",4,4,3,4,4,3,5,4,5,5,5,5,5,5,4,4,5,5,5,4,5,3,4,4,5,"pass","agree",1,2,3,2,4,2,3,2,2,1,1,1,4,3,3,3,5,3,2,4,"Vdisagree","pass","agree",3,3,2,4,"lowA",5,2,4,4,1,2,5,1,"pass","somewhat",2,2,1,1,2,2,3,1,3,2,3,2,2,2,2,3,3,4,"sometimes","Y_Choice",1,0,1,40,99,87,19,90,99,96,123,7.06,45.72,5,4,0,9,1.555555556,14,"online",1,0,16,28.08,162,208,0,NA
"140",5647,1999,"N_latino","White",NA,"Female","straight","Vdisagree","Vdisagree","Vdisagree","Vdisagree","Vdisagree","Vdisagree","Vagree",3,4,4,5,1,5,3,4,2,4,4,5,5,5,5,5,5,5,5,5,5,4,5,5,5,"pass","Vagree",1,2,2,1,1,1,5,1,1,2,2,1,4,4,3,1,5,3,2,4,"agree","fail","Vagree",5,5,5,5,"abitA",5,4,5,5,3,4,5,5,"pass","verymuch",2,4,1,1,1,1,4,1,3,1,4,1,1,1,1,4,1,3,"sometimes","N_Choice",0,0,0,0,0,0,0,41,53,45,4,0,66.67,17,0,0,17,2,34,"online",1,1,8,46.12,873,0,0,NA
"141",4951,1996,"N_latino",NA,NA,"Female","straight","disagree","agree","disagree","disagree","Vdisagree","Vdisagree","Vdisagree",2,3,3,4,4,3,4,4,2,4,4,4,5,5,4,2,4,4,4,4,5,4,4,2,5,"pass","Vagree",1,1,4,2,4,2,4,2,1,2,2,2,4,2,2,3,5,1,1,5,"disagree","pass","Vagree",5,4,4,5,"someA",3,1,2,2,3,1,3,2,"pass","moderately",1,3,1,1,2,2,3,1,2,2,3,1,2,2,2,4,2,3,"never","Y_Choice",1,0,2,0,0,0,0,22,99,61,47,0,50,4,2,1,7,1.428571429,10,"online",1,1,18,22.92,94,100,52,NA
"142",5629,2001,"N_latino","White",NA,"Female","straight","disagree","disagree","agree","Vagree","Vdisagree","disagree","soso",5,5,3,5,5,4,4,3,4,5,4,4,5,5,4,3,4,5,5,3,4,4,5,5,3,"pass","Vagree",4,1,3,4,4,5,4,5,2,4,5,5,5,4,2,5,5,4,4,4,"Vagree","pass","Vagree",5,1,2,5,"lowA",4,2,3,5,1,1,5,1,"pass","verymuch",3,3,1,1,1,2,3,2,4,2,3,1,1,1,1,4,1,4,"sometimes","N_Choice",0,1,1,32,99,72,5,90,99,95,36,1.35,9.7,6,5,8,19,0.894736842,17,"online",0,0,6,27.8,146,217,196,NA
"143",5347,2001,"N_latino","White",NA,"Female","straight","Vdisagree","Vdisagree","Vdisagree","disagree","Vdisagree","Vdisagree","Vdisagree",2,3,2,2,4,4,4,4,4,5,5,5,4,5,5,4,5,4,5,4,5,3,5,5,5,"pass","Vagree",1,1,5,2,5,2,4,1,1,1,1,1,5,4,3,3,5,4,2,5,"disagree","pass","Vagree",4,5,4,5,"someA",5,3,5,5,1,2,4,2,"pass","moderately",1,2,3,1,1,2,3,1,2,3,3,2,1,4,1,4,2,3,"often","Y_Choice",1,0,2,0,0,0,0,93,99,96,9,0,1.05,8,0,0,8,2,16,"online",1,1,17,25.96,268,0,0,NA
"144",5692,1998,"N_latino","White",NA,"Male","straight","disagree","agree","Vdisagree","Vdisagree","agree","Vdisagree","Vagree",4,1,1,1,5,2,5,4,5,5,4,4,2,4,2,4,4,4,4,4,5,4,4,2,4,"pass","agree",2,2,2,1,4,5,1,2,1,2,2,4,5,2,1,4,5,2,1,5,"Vdisagree","pass","agree",4,2,2,2,"lowA",2,2,3,3,1,1,2,3,"pass","somewhat",4,2,2,1,3,1,2,2,2,2,2,3,2,2,3,4,2,3,"often","N_Choice",0,0,0,27,99,87,16,90,99,96,63,4.3,16.94,NA,NA,NA,NA,NA,NA,"online",NA,NA,12,40.88,85,637,0,NA
"145",5386,1998,"N_latino","White",NA,"Female","bi","Vagree","disagree","soso","agree","Vdisagree","Vdisagree","disagree",2,2,5,2,2,3,4,4,4,3,4,4,4,4,4,2,5,4,2,2,5,5,5,5,4,"pass","agree",1,2,4,3,1,1,2,1,4,4,4,4,5,1,1,4,5,2,1,5,"Vdisagree","pass","Vagree",4,4,4,4,"lowA",4,1,3,3,2,2,5,1,"pass","verymuch",1,3,2,1,2,2,4,1,4,1,4,1,1,2,2,4,1,4,"sometimes","Y_Choice",0,1,1,0,0,0,0,90,99,96,94,0,11.88,2,3,0,5,1.4,7,"online",1,2,20,60.2,140,677,0,NA
"146",5536,2000,"N_latino","White",NA,"Female","straight","Vdisagree","agree","Vdisagree","agree","disagree","Vdisagree","Vdisagree",3,5,5,5,1,4,5,4,5,5,5,5,5,5,5,3,4,5,4,5,5,5,5,5,5,"pass","Vagree",2,1,4,3,5,3,3,4,1,1,1,1,5,4,5,3,5,5,4,5,"agree","pass","Vagree",5,4,2,5,"lowA",4,1,3,2,1,1,5,1,"pass","moderately",1,3,3,1,3,1,3,2,2,3,4,4,1,4,1,4,1,3,"never","N_Choice",0,1,1,55,99,78,3,27,99,69,56,1.25,23.33,0,8,1,9,0.888888889,8,"online",0,0,16,55.4,0,852,76,NA
"147",5218,2001,"N_latino","White",NA,"Female","straight","disagree","soso","disagree","disagree","Vdisagree","disagree","agree",2,4,2,4,3,4,4,5,5,5,4,4,4,4,4,2,4,4,4,3,4,2,2,2,4,"pass","agree",2,2,2,4,4,2,3,2,2,2,1,2,4,4,4,2,4,3,2,4,"disagree","pass","agree",4,3,2,4,"lowA",3,1,3,3,1,2,3,1,"pass","notatall",3,2,2,1,3,2,2,2,2,3,2,2,2,3,3,4,2,2,"often","N_Choice",1,1,1,99,99,99,1,90,99,94,16,0.6,9.52,4,0,3,7,1.142857143,8,"online",0,0,18,15.6,79,0,70,NA
"148",4948,2000,"N_latino","White",NA,"Female","straight","Vdisagree","agree","disagree","disagree","Vdisagree","Vdisagree","Vagree",2,3,3,4,4,4,4,4,3,4,5,5,5,4,5,3,5,4,5,4,4,4,5,4,4,"fail","Vagree",1,1,4,2,5,3,5,2,1,2,1,2,5,3,2,4,4,4,1,5,"disagree","pass","agree",4,5,4,5,"lowA",1,1,2,2,1,1,2,1,"fail","verymuch",1,4,1,1,1,1,4,1,4,1,3,2,2,2,2,4,1,4,"never","Y_Choice",0,0,1,27,99,77,42,90,99,98,41,16.28,15.89,10,5,0,15,1.666666667,25,"online",2,2,10,24.2,208,216,0,NA
"149",5110,2001,"N_latino","White",NA,"Female","straight","Vdisagree","soso","disagree","disagree","disagree","Vdisagree","disagree",4,4,3,5,4,4,4,4,4,5,4,5,5,5,4,5,5,4,4,5,5,4,5,4,4,"pass","Vagree",1,2,4,3,4,3,3,3,2,2,2,3,5,2,2,3,5,4,2,4,"soso","pass","agree",4,3,4,4,"lowA",3,2,2,4,1,1,3,2,"pass","moderately",2,2,2,1,2,2,3,2,3,2,3,2,1,2,2,4,1,3,"sometimes","N_Choice",0,1,1,0,0,0,0,26,99,58,29,0,60.42,6,2,0,8,1.75,14,"online",1,1,17,35.44,392,143,0,NA
"150",5005,2000,"N_latino","White",NA,"Female","straight","Vdisagree","disagree","Vdisagree","Vdisagree","Vdisagree","Vdisagree","soso",3,4,3,4,2,4,4,3,4,5,4,5,4,5,5,3,4,4,5,4,4,4,5,3,4,"pass","Vagree",2,1,4,2,4,2,3,2,2,2,2,2,4,2,4,3,4,3,2,4,"Vdisagree","pass","agree",4,4,4,5,"lowA",3,1,4,3,2,1,4,2,"pass","somewhat",2,3,2,1,2,1,3,2,3,2,3,2,1,3,2,4,1,3,"sometimes","N_Choice",0,1,2,0,0,0,0,35,99,75,23,0,12.37,1,7,0,8,1.125,9,"online",1,1,17,32.92,25,431,0,NA
"151",5071,1984,"N_latino","White",NA,"Female","straight","Vdisagree","Vdisagree","Vdisagree","soso","Vdisagree","Vdisagree","Vdisagree",2,1,1,1,4,1,2,2,1,3,5,5,4,5,4,4,4,5,5,2,4,3,3,4,5,"pass","Vagree",1,1,4,2,4,2,5,2,1,1,1,2,4,2,2,3,4,4,1,4,"Vdisagree","pass","Vagree",5,4,2,5,"lowA",2,1,4,2,1,1,4,2,"pass","verymuch",2,3,2,1,2,1,3,2,3,2,2,3,2,2,3,4,2,3,"sometimes","N_Choice",1,0,0,0,0,0,0,78,99,95,86,0,6.94,5,2,0,7,1.714285714,12,"online",1,1,18,29.04,245,119,0,NA
"152",5254,2001,"N_latino","White",NA,"Female","straight","disagree","Vdisagree","disagree","agree","Vdisagree","Vdisagree","agree",2,4,4,4,4,2,4,4,4,5,5,5,4,5,4,2,5,4,5,1,4,4,5,3,4,"pass","Vagree",2,2,2,2,5,2,3,2,2,2,4,2,4,5,4,4,4,2,2,4,"disagree","pass","agree",3,2,2,4,"lowA",3,1,3,4,1,1,4,2,"pass","somewhat",3,2,1,1,3,1,2,2,2,2,2,1,1,2,3,4,3,3,"never","Y_Choice",1,1,1,0,0,0,0,21,99,73,19,0,19.39,3,1,1,5,1.4,7,"online",1,1,20,21.2,79,54,58,NA
"153",5662,2000,"N_latino","White",NA,"Female","straight","Vdisagree","disagree","disagree","disagree","disagree","disagree","disagree",1,3,1,3,1,2,4,4,4,5,5,5,5,5,4,4,4,4,5,4,5,3,5,4,5,"pass","Vagree",2,2,2,4,4,1,2,2,2,2,4,2,4,4,4,2,5,4,4,4,"agree","pass","agree",3,4,2,4,"moderateA",4,3,4,3,2,3,5,3,"pass","somewhat",1,3,2,1,1,2,3,1,3,2,2,3,2,3,2,4,2,3,"sometimes","Y_Choice",1,0,0,51,98,87,9,23,99,83,35,4.09,15.91,10,5,1,16,1.5625,25,"online",1,1,9,24.08,284,191,6,NA
"154",5389,2001,"N_latino","White",NA,"Female","straight","disagree","Vdisagree","Vdisagree","Vdisagree","Vdisagree","Vdisagree","Vdisagree",2,1,1,2,2,2,4,4,5,5,5,5,2,5,5,4,2,3,4,2,4,4,2,4,5,"pass","Vagree",1,1,1,2,2,1,5,2,2,2,2,2,4,1,1,2,5,1,1,5,"Vdisagree","pass","agree",4,3,1,5,"someA",2,1,2,4,1,1,4,3,"pass","moderately",2,3,2,1,2,1,2,3,2,2,2,3,1,3,2,4,1,3,"often","N_Choice",0,1,1,32,90,58,6,91,99,96,30,2.21,11.03,1,7,0,8,1.125,9,"online",1,1,17,45.24,50,524,0,NA
"155",5470,2000,"N_latino","White",NA,"Female","bi","Vdisagree","disagree","Vdisagree","Vdisagree","disagree","disagree","disagree",1,1,1,3,5,1,4,5,4,5,5,4,4,5,5,4,5,5,5,4,5,5,5,4,5,"pass","Vagree",1,1,4,2,5,1,5,2,2,2,1,2,5,2,3,4,5,1,1,5,"Vdisagree","pass","agree",4,4,2,5,"lowA",3,1,3,2,1,1,2,1,"pass","somewhat",2,2,1,1,3,2,2,1,3,2,2,4,2,3,3,4,3,1,"often","Y_Choice",0,2,1,0,0,0,0,21,99,64,59,0,52.21,3,8,1,12,1.166666667,14,"online",0,0,13,35.68,116,411,4,NA
"156",5728,2001,"N_latino","White",NA,"Female","straight","disagree","agree","Vagree","soso","agree","agree","agree",4,3,3,4,4,5,3,2,3,5,4,4,3,4,4,2,4,4,3,4,3,4,5,4,4,"pass","Vagree",2,3,2,3,4,4,4,2,3,2,4,4,4,4,3,3,4,3,4,4,"disagree","pass","Vagree",4,2,4,4,"lowA",2,1,2,2,1,1,2,2,"pass","verymuch",2,4,2,1,2,3,3,1,3,2,3,3,2,2,2,4,2,4,"sometimes","N_Choice",1,1,1,0,0,0,0,50,95,74,14,0,23.33,8,1,0,9,1.888888889,17,"online",1,1,16,18.76,194,32,0,NA
"157",5791,2000,"N_latino","White",NA,"Female","straight","Vdisagree","Vdisagree","Vdisagree","Vdisagree","Vdisagree","Vdisagree","Vdisagree",3,4,4,3,4,3,2,5,4,5,5,5,5,5,5,5,5,4,5,1,5,3,4,5,5,"pass","Vagree",1,1,5,1,3,4,5,2,2,2,2,2,4,4,4,2,4,4,4,3,"agree","pass","agree",5,4,2,5,"someA",5,1,3,2,1,2,4,1,"pass","somewhat",4,1,4,2,3,4,1,3,2,4,2,4,2,4,2,4,2,3,"often","Y_Choice",0,1,1,23,99,71,20,88,99,96,254,2.67,33.87,2,7,1,10,1.1,11,"online",1,1,15,55.64,104,468,201,NA
"158",5794,1999,"N_latino","White",NA,"Female","straight","disagree","disagree","disagree","soso","soso","Vdisagree","Vagree",1,3,3,2,4,4,5,5,5,5,3,4,2,4,4,5,5,5,5,3,4,4,4,4,3,"pass","agree",1,2,2,4,5,2,3,4,2,2,2,1,4,4,4,2,4,2,2,4,"disagree","pass","disagree",1,2,2,2,"moderateA",4,5,5,5,5,5,5,4,"pass","notatall",2,2,4,2,3,3,2,3,2,2,2,3,2,3,4,4,2,2,"always","N_Choice",1,0,2,50,99,98,31,21,98,50,35,22.96,25.93,7,3,4,14,1.214285714,17,"online",2,1,11,30.36,209,102,181,NA
"159",5635,2001,"N_latino","White",NA,"Female","straight","Vdisagree","Vdisagree","Vdisagree","disagree","Vdisagree","disagree","disagree",4,4,3,4,4,4,5,2,4,5,5,5,5,5,5,5,4,5,5,4,5,5,5,4,5,"pass","Vagree",2,2,2,2,4,4,4,4,2,2,2,3,4,2,2,4,5,2,1,4,"agree","pass","Vagree",5,2,4,5,"lowA",5,2,4,5,3,4,5,1,"pass","verymuch",1,3,3,1,2,1,4,2,3,2,3,1,2,4,3,4,1,4,"sometimes","Y_Choice",0,0,0,90,90,90,1,21,96,57,43,0.76,32.82,8,1,0,9,1.888888889,17,"online",1,1,16,29.08,265,104,0,NA
"160",5443,1999,"N_latino","White",NA,"Female","straight","soso","Vagree","Vagree","soso","soso","agree","agree",1,1,4,1,4,3,4,3,3,5,4,4,4,4,4,4,4,4,3,4,3,3,4,3,3,"pass","agree",2,2,4,4,3,2,5,5,3,4,2,4,5,4,1,2,4,5,2,5,"Vdisagree","pass","disagree",2,4,3,4,"lowA",5,3,2,4,1,3,4,1,"pass","moderately",1,2,2,1,1,2,3,1,2,1,3,2,1,2,2,4,2,3,"never","N_Choice",1,0,0,0,0,0,0,33,99,83,190,0,47.26,13,3,1,17,1.705882353,29,"online",0,0,8,21.92,338,99,2,NA
"161",5797,1998,"N_latino","White",NA,"Male","straight","Vdisagree","disagree","Vdisagree","Vdisagree","disagree","soso","disagree",3,2,2,3,3,3,3,3,3,5,5,5,4,5,4,2,2,4,3,4,4,4,4,4,5,"pass","Vagree",2,4,4,3,1,2,4,1,2,4,4,4,4,1,2,4,3,3,3,5,"disagree","pass","agree",4,3,2,5,"lowA",2,1,2,3,1,1,3,1,"pass","somewhat",2,1,2,1,2,1,2,2,2,2,2,2,1,3,2,4,1,2,"never","Y_Choice",1,1,1,0,0,0,0,63,77,69,3,0,25,7,1,4,12,1.25,15,"online",1,1,13,30.24,197,35,191,NA
"162",5701,2001,"N_latino","Black",NA,"Female","straight","soso","soso","Vagree","soso","Vdisagree","soso","agree",3,4,4,4,3,4,4,5,5,5,5,5,4,5,5,5,4,4,5,3,5,4,3,4,4,"pass","Vagree",4,3,4,4,3,4,4,4,3,3,2,4,5,3,5,4,4,5,4,5,"Vdisagree","pass","soso",4,1,3,4,"highA",5,5,5,5,5,5,5,5,"pass","notatall",2,1,2,2,4,3,2,4,1,4,2,2,2,2,2,4,1,2,"often","Y_Choice",1,0,2,30,99,90,12,22,99,72,40,11.76,39.22,13,1,0,14,1.928571429,27,"online",0,0,11,24.32,385,56,0,NA
"163",5698,2001,"N_latino","Black",NA,"Female","straight","Vdisagree","Vdisagree","Vdisagree","disagree","Vdisagree","Vdisagree","agree",1,3,1,1,3,3,3,3,4,3,5,5,5,5,5,3,4,5,2,3,5,3,4,4,5,"pass","Vagree",1,1,5,1,5,1,3,1,1,1,1,1,4,4,2,2,4,3,2,4,"soso","pass","Vagree",5,5,5,5,"someA",5,1,3,5,2,1,5,2,"pass","somewhat",4,2,2,1,2,1,2,2,2,2,2,4,2,4,3,4,2,2,"sometimes","Y_Choice",1,1,1,31,45,38,2,21,97,65,44,1.44,31.65,2,8,0,10,1.2,12,"online",1,1,15,19.96,30,284,0,NA
"164",5665,2001,"N_latino","White",NA,"Female","straight","disagree","agree","disagree","agree","disagree","soso","agree",4,4,4,4,4,4,4,4,5,5,5,5,4,5,4,4,4,4,3,4,4,3,5,4,4,"pass","Vagree",2,2,3,4,5,2,4,3,2,2,2,2,5,3,3,2,4,4,2,4,"soso","pass","agree",3,3,2,3,"lowA",3,1,1,3,1,1,2,1,"pass","moderately",1,2,2,1,2,1,3,2,3,2,3,2,2,3,1,4,2,3,"sometimes","Y_Choice",0,1,1,0,0,0,0,88,100,96,177,0,34.3,1,7,0,8,1.125,9,"online",1,1,17,34.56,64,371,0,NA
"165",5392,2000,"N_latino","White",NA,"Female","straight","Vdisagree","Vdisagree","Vdisagree","Vdisagree","Vdisagree","Vdisagree","Vdisagree",2,3,2,3,4,4,5,4,3,5,5,5,5,5,4,5,5,5,5,4,5,5,5,4,5,"pass","Vagree",1,1,5,2,5,1,5,2,1,1,1,2,4,3,4,2,5,4,3,4,"agree","pass","Vagree",5,4,4,5,"lowA",5,2,4,3,1,2,4,1,"pass","somewhat",3,2,3,2,3,3,2,4,2,3,3,2,1,4,2,4,1,2,"often","N_Choice",0,1,1,0,0,0,0,90,99,97,123,0,37.16,1,8,0,9,1.111111111,10,"online",0,0,16,47.92,35,664,0,NA
"166",5596,2001,"N_latino","Black",NA,"Female","straight","Vdisagree","Vdisagree","Vdisagree","Vdisagree","Vdisagree","Vdisagree","disagree",1,1,3,2,1,2,5,4,4,5,5,5,5,5,5,4,5,5,5,3,5,4,5,4,5,"pass","Vagree",1,2,5,3,5,3,4,2,3,3,1,2,4,1,4,3,4,4,2,4,"soso","pass","Vagree",4,4,1,5,"lowA",4,2,4,3,1,1,5,1,"pass","moderately",1,3,2,1,2,1,3,2,2,2,2,2,1,2,2,4,1,3,"often","N_Choice",1,0,0,30,95,70,5,90,99,96,22,2.31,10.19,8,3,1,12,1.583333333,19,"online",0,0,13,26.4,204,149,63,NA
"167",5140,2002,"N_latino","Black",NA,"Female","straight","disagree","soso","agree","soso","disagree","soso","Vagree",1,3,2,3,5,3,5,5,5,5,5,4,5,4,5,5,4,5,5,5,4,4,5,5,5,"pass","Vagree",2,4,5,2,2,5,1,1,1,5,1,1,5,5,4,2,5,3,1,5,"Vdisagree","pass","Vdisagree",5,1,1,5,"someA",5,1,5,5,4,3,5,2,"pass","somewhat",4,1,4,1,3,3,1,4,1,4,1,4,3,4,1,4,2,2,"always","N_Choice",0,1,1,0,0,0,0,25,99,87,173,0,41.39,11,3,2,16,1.5625,25,"online",0,0,9,19.24,184,133,43,NA
"168",5248,1999,"N_latino","Black",NA,"Female","straight","disagree","soso","agree","disagree","Vdisagree","Vdisagree","agree",4,5,4,3,4,4,5,3,4,5,4,4,3,4,4,3,5,4,4,1,5,4,4,3,5,"pass","agree",1,1,2,1,5,4,4,2,1,3,2,2,5,4,4,2,4,4,1,5,"agree","pass","Vagree",5,5,5,5,"someA",3,1,3,5,1,1,5,2,"pass","moderately",1,2,2,1,1,2,3,2,2,3,2,3,2,4,4,4,2,2,"sometimes","Y_Choice",1,0,1,93,93,93,1,24,59,38,5,1.61,8.06,10,2,0,12,1.833333333,22,"online",1,1,13,20.2,235,92,0,NA
"169",5686,2001,"Y_latino","White",NA,"Female","straight","Vdisagree","Vdisagree","Vdisagree","Vdisagree","Vdisagree","disagree","agree",2,2,3,3,4,2,5,4,4,5,4,5,4,5,2,2,4,4,2,3,4,4,4,4,4,"pass","Vagree",1,1,2,1,5,2,3,2,2,2,2,2,5,4,2,2,5,2,2,5,"agree","pass","agree",4,4,2,4,"moderateA",4,2,4,5,2,2,5,1,"pass","somewhat",3,2,4,1,3,4,2,2,2,3,2,4,2,4,2,4,3,2,"often","N_Choice",0,2,2,74,74,74,1,29,99,85,121,0.11,13.12,9,4,0,13,1.692307692,22,"online",0,1,12,35.92,366,234,0,NA
"170",4954,1999,"N_latino",NA,NA,"Female","straight","disagree","disagree","disagree","disagree","Vdisagree","Vdisagree","agree",4,5,4,4,5,5,4,4,4,5,5,5,4,5,5,5,4,5,5,5,5,5,4,5,5,"pass","agree",2,2,4,2,4,4,2,2,2,2,2,2,5,2,2,4,5,2,2,5,"disagree","pass","agree",4,5,4,4,"lowA",3,1,4,1,1,3,3,1,"pass","verymuch",2,4,2,1,3,2,3,2,4,3,3,2,2,2,2,4,2,4,"never","Y_Choice",1,1,0,21,99,76,15,90,99,95,65,5.38,23.3,4,1,0,5,1.8,9,"online",1,1,20,18.28,94,72,0,NA
"171",5710,2000,"N_latino","White",NA,"Female","straight","disagree","Vdisagree","Vdisagree","disagree","Vdisagree","Vdisagree","Vdisagree",4,4,4,4,4,4,5,4,5,5,5,5,4,5,4,4,4,4,5,5,5,4,4,5,4,"pass","agree",2,2,4,2,4,3,4,2,2,2,2,2,4,2,4,4,5,2,2,4,"Vdisagree","pass","agree",4,4,4,4,"someA",4,2,4,3,3,2,4,2,"pass","somewhat",3,2,4,1,2,1,2,1,2,3,2,3,2,4,3,4,2,2,"always","N_Choice",0,0,1,0,0,0,0,90,99,96,33,0,11.19,2,5,1,8,1.125,9,"online",1,1,17,33.16,67,315,35,NA
"172",5446,1989,"N_latino","White",NA,"Female","straight","disagree","soso","agree","agree","soso","Vdisagree","soso",3,3,3,4,4,3,4,3,3,4,4,4,3,4,4,4,4,4,4,2,4,3,4,3,4,"pass","agree",2,3,5,2,4,5,3,2,2,4,2,2,4,3,2,3,5,4,2,4,"soso","pass","agree",4,3,3,4,"lowA",4,2,4,4,1,2,4,1,"pass","moderately",1,2,2,1,1,1,3,1,2,2,3,2,2,2,2,4,2,4,"never","Y_Choice",1,1,2,30,99,80,4,23,99,80,15,5.56,20.83,10,3,1,14,1.642857143,23,"online",0,0,11,40.28,400,285,49,NA
"173",5743,2001,"N_latino","Black",NA,"Female","straight","disagree","Vdisagree","Vdisagree","Vdisagree","Vdisagree","Vdisagree","disagree",3,3,2,3,2,3,3,2,4,4,5,5,3,5,5,3,4,4,3,4,3,4,4,3,4,"pass","Vagree",1,2,2,2,4,3,1,4,3,2,2,1,5,3,2,3,5,1,1,5,"disagree","pass","Vagree",5,4,4,5,"someA",5,1,5,4,1,3,5,2,"pass","somewhat",1,2,2,1,2,3,2,3,2,2,3,2,1,4,1,4,2,3,"often","N_Choice",0,1,2,22,99,57,6,22,99,79,90,0.89,13.31,3,10,2,15,1.066666667,16,"online",1,1,10,36.32,54,454,93,NA
"174",5761,2001,"N_latino","White",NA,"Female","straight","disagree","disagree","Vdisagree","disagree","Vdisagree","Vdisagree","disagree",3,2,1,3,2,2,3,2,3,3,5,5,4,5,5,5,5,4,5,5,4,2,5,3,4,"pass","Vagree",2,4,2,4,4,4,3,4,2,4,3,3,5,3,3,1,4,4,3,4,"Vagree","pass","agree",4,4,1,4,"highA",3,5,5,5,4,5,5,4,"pass","somewhat",2,2,2,1,1,1,2,1,4,2,3,2,1,2,2,4,3,3,"sometimes","Y_Choice",1,0,0,81,92,86,2,31,99,78,16,1.19,9.52,3,2,1,6,1.333333333,8,"online",1,1,19,22.52,51,95,29,NA
"175",5836,2001,"N_latino","White",NA,"Female","straight","Vdisagree","disagree","soso","disagree","Vdisagree","disagree","agree",3,3,2,4,3,4,5,4,2,5,4,5,3,5,4,4,4,4,4,4,4,4,5,3,4,"pass","Vagree",1,1,4,2,2,4,4,2,1,1,1,1,4,2,3,4,4,3,2,5,"disagree","pass","agree",4,4,2,4,"someA",2,1,3,4,1,2,4,2,"pass","moderately",2,2,2,1,3,2,2,2,2,3,3,3,1,4,2,4,1,2,"always","N_Choice",0,0,2,25,99,86,19,21,99,76,95,3.17,15.86,3,2,0,5,1.6,8,"online",1,1,20,32.52,104,104,0,NA
"176",5575,2000,"N_latino","White",NA,"Female","straight","Vdisagree","Vdisagree","Vdisagree","Vdisagree","disagree","Vdisagree","disagree",2,2,3,2,3,2,4,4,5,5,4,5,4,5,5,3,4,4,4,4,3,4,4,4,4,"pass","Vagree",2,2,4,2,4,4,4,2,2,2,2,2,4,4,4,2,5,4,2,4,"disagree","pass","agree",4,3,2,4,"someA",5,2,3,3,2,3,5,1,"pass","moderately",2,2,2,1,1,1,2,1,3,2,3,1,2,3,2,4,1,3,"never","Y_Choice",0,0,1,79,99,91,3,90,100,97,264,0.36,31.92,4,3,1,8,1.375,11,"online",0,1,17,41.12,194,230,85,NA
"177",5209,2000,"N_latino","White",NA,"Female","bi","Vdisagree","disagree","disagree","Vagree","soso","agree","disagree",2,2,3,4,3,3,5,4,3,4,4,5,4,5,5,5,5,5,5,5,4,5,4,5,5,"pass","Vagree",1,4,5,1,4,2,5,2,1,3,2,2,5,4,4,3,5,4,3,5,"agree","pass","Vagree",5,5,5,5,"lowA",4,1,5,2,2,1,4,2,"pass","somewhat",3,2,3,1,4,3,2,4,2,3,3,1,1,4,3,4,1,2,"often","N_Choice",1,1,1,63,99,88,8,91,99,97,36,5.76,25.9,9,3,0,12,1.75,21,"online",1,1,13,21.56,163,173,0,NA
